timestamp,elapsed_s,FUEL_SYSTEM_STATUS,ENGINE_LOAD,COOLANT_TEMP,SHORT_FUEL_TRIM_1,LONG_FUEL_TRIM_1,RPM,SPEED,TIMING_ADVANCE,INTAKE_TEMP,MAF,THROTTLE_POS,EVAP_PURGE,FUEL_LEVEL,WARMUPS_SINCE_CLEAR,DIST_SINCE_CLEAR,BAROMETRIC,CATALYST_TEMP_B1S1,CATALYST_TEMP_B1S2,CONTROL_VOLTAGE,AMBIENT_TEMP,RUN_TIME,DIST_WITH_MIL,TIME_WITH_MIL,TIME_SINCE_CLEAR,ENGINE_TORQUE_PCT,ENGINE_REF_TORQUE,DRIVER_TORQUE_PCT,INJECTION_CTRL_PRESSURE_A,PM_SENSOR_B1,PM_SENSOR_B2,ODOMETER
2026-03-18T07:13:46.545,0.0,CL,22.7,26,2.34,-1.56,1061.5,0,3.5,10,4.93,17.3,0.0,85.9,255,4484,99,377.0,162.8,14.15,10,57,0,0,7802,9,288,,,980,0,92537.5
2026-03-18T07:13:49.130,2.58,CL,22.7,26,2.34,-1.56,1050.0,0,4.0,10,4.9,17.3,0.0,85.9,255,4484,99,379.9,166.2,14.13,10,59,0,0,7803,12,288,,,965,0,92537.5
2026-03-18T07:13:51.572,5.03,CL,23.1,28,2.34,-1.56,1130.2,0,1.5,10,5.09,17.3,0.0,85.9,255,4484,99,381.9,168.6,14.14,10,62,0,0,7803,8,288,,,980,0,92537.5
2026-03-18T07:13:53.872,7.33,CL,22.0,29,3.91,-1.56,1042.8,0,3.0,10,4.81,17.3,0.0,85.9,255,4484,99,383.7,170.8,14.13,10,64,0,0,7803,8,288,,,936,0,92537.5
2026-03-18T07:13:56.098,9.55,CL,22.0,30,3.12,-1.56,1036.5,0,9.0,11,4.39,16.9,0.0,85.9,255,4484,99,385.3,172.9,14.13,11,66,0,0,7803,8,288,,,926,0,92537.5
2026-03-18T07:13:58.201,11.66,CL,20.4,30,3.12,-1.56,1009.2,0,10.5,10,4.26,16.9,0.0,85.9,255,4484,99,386.7,174.8,14.13,11,68,0,0,7803,8,288,,,933,0,92537.5
2026-03-18T07:14:00.434,13.89,CL,20.4,31,3.91,-1.56,996.0,0,9.5,11,4.17,16.9,0.0,83.9,255,4484,99,387.9,176.6,14.12,10,70,0,0,7803,8,288,,,935,0,92537.5
2026-03-18T07:14:02.661,16.12,CL,20.4,31,3.12,-1.56,985.8,0,9.0,10,4.26,16.9,0.0,85.5,255,4484,99,389.0,179.0,14.12,10,73,0,0,7803,8,288,,,913,0,92537.5
2026-03-18T07:14:04.937,18.39,CL,20.4,31,3.12,-1.56,984.2,0,9.0,11,4.25,16.9,0.0,86.3,255,4484,99,390.5,180.5,14.13,10,75,0,0,7803,8,288,,,918,0,92537.5
2026-03-18T07:14:07.286,20.74,CL,20.0,32,3.91,-1.56,989.0,0,9.0,11,4.07,16.9,0.0,85.9,255,4484,99,391.4,182.1,14.12,10,77,0,0,7803,8,288,,,933,0,92537.5
2026-03-18T07:14:09.556,23.01,CL,20.4,32,3.91,-1.56,966.2,0,8.5,10,4.14,16.9,0.0,85.9,255,4484,99,392.3,183.5,14.13,10,79,0,0,7803,8,288,,,950,0,92537.5
2026-03-18T07:14:11.976,25.43,CL,20.4,32,3.12,-1.56,952.2,0,8.0,11,4.01,16.9,0.0,85.9,255,4484,99,393.1,185.0,14.12,10,82,0,0,7803,8,288,,,925,0,92537.5
2026-03-18T07:14:14.206,27.66,CL,20.4,33,3.12,-1.56,958.5,0,8.5,10,4.0,16.9,0.0,85.9,255,4484,99,393.9,187.1,14.14,11,84,0,0,7803,8,288,,,919,0,92537.5
2026-03-18T07:14:16.370,29.82,CL,20.4,33,3.91,-1.56,955.2,0,8.5,11,3.98,16.9,0.0,85.9,255,4484,99,394.7,188.4,14.12,11,86,0,0,7803,8,288,,,921,0,92537.5
2026-03-18T07:14:18.472,31.93,CL,20.4,33,3.91,-1.56,961.5,0,8.0,11,4.09,16.9,0.0,85.9,255,4484,99,395.7,189.7,14.12,10,88,0,0,7803,8,288,,,945,0,92537.5
2026-03-18T07:14:20.706,34.16,CL,20.0,33,3.12,-1.56,948.2,0,9.0,10,3.92,16.9,0.0,85.9,255,4484,99,396.4,191.0,14.12,10,90,0,0,7803,9,288,,,914,0,92537.5
2026-03-18T07:14:23.072,36.53,CL,20.0,33,3.91,-1.56,943.8,0,9.5,10,3.95,16.9,0.0,85.9,255,4484,99,397.1,192.3,14.13,10,93,0,0,7803,9,288,,,920,0,92537.5
2026-03-18T07:14:25.359,38.81,CL,20.4,34,3.91,-1.56,949.0,0,7.5,10,4.06,16.9,0.0,85.9,255,4484,99,397.7,193.5,14.13,10,95,0,0,7803,8,288,,,943,0,92537.5
2026-03-18T07:14:27.674,41.13,CL,20.0,35,3.12,-1.56,942.0,0,8.5,10,4.04,16.9,0.0,85.9,255,4484,99,398.3,195.4,14.12,11,97,0,0,7803,9,288,,,943,0,92537.5
2026-03-18T07:14:30.016,43.47,CL,20.4,35,3.12,-1.56,932.8,0,9.0,11,3.81,16.9,0.0,85.9,255,4484,99,399.3,196.7,14.13,10,100,0,0,7803,9,288,,,915,0,92537.5
2026-03-18T07:14:32.373,45.83,CL,20.4,35,3.12,-1.56,938.2,0,9.0,10,3.89,16.9,0.0,85.9,255,4484,99,399.9,197.8,14.12,11,102,0,0,7803,9,288,,,928,0,92537.5
2026-03-18T07:14:34.534,47.99,CL,20.4,35,3.12,-1.56,939.8,0,9.0,11,3.93,16.9,0.0,85.9,255,4484,99,400.5,199.0,14.14,11,104,0,0,7803,9,288,,,937,0,92537.5
2026-03-18T07:14:36.772,50.23,CL,20.0,35,3.91,-1.56,944.5,0,8.5,10,3.96,16.9,0.0,85.9,255,4484,99,401.0,200.2,14.13,11,106,0,0,7803,9,288,,,918,0,92537.5
2026-03-18T07:14:39.065,52.52,CL,20.4,36,3.91,-1.56,945.2,0,8.0,11,4.03,16.9,0.0,85.9,255,4484,99,401.6,201.4,14.13,11,108,0,0,7803,8,288,,,910,0,92537.5
2026-03-18T07:14:41.360,54.81,CL,20.4,36,3.91,-1.56,946.8,0,7.0,11,4.12,16.9,0.0,85.9,255,4484,99,402.1,202.5,14.13,10,111,0,0,7803,8,288,,,914,0,92537.5
2026-03-18T07:14:43.592,57.05,CL,20.4,37,3.12,-1.56,942.0,0,7.5,10,3.92,16.9,0.0,85.9,255,4484,99,402.7,204.3,14.12,11,113,0,0,7803,8,288,,,920,0,92537.5
2026-03-18T07:14:45.824,59.28,CL,20.0,36,3.91,-1.56,936.5,0,7.5,11,3.93,16.9,0.0,85.9,255,4484,99,403.5,205.4,14.12,11,115,0,0,7803,8,288,,,921,0,92537.5
2026-03-18T07:14:48.054,61.51,CL,20.4,37,3.12,-1.56,926.5,0,7.0,11,3.81,16.9,0.0,85.9,255,4484,99,404.1,206.5,14.13,11,117,0,0,7803,9,288,,,926,0,92537.5
2026-03-18T07:14:50.159,63.61,CL,20.4,37,3.12,-1.56,918.8,0,8.0,11,3.9,16.9,0.0,85.9,255,4484,99,404.6,207.6,14.12,11,119,0,0,7804,9,288,,,931,0,92537.5
2026-03-18T07:14:52.391,65.85,CL,20.4,38,3.12,-1.56,919.5,0,7.5,11,3.92,16.9,0.0,85.9,255,4484,99,405.0,208.7,14.13,11,122,0,0,7804,9,288,,,940,0,92537.5
2026-03-18T07:14:54.813,68.27,CL,20.0,38,3.12,-1.56,924.0,0,8.0,11,3.87,16.9,0.0,85.9,255,4484,99,405.5,209.8,14.13,11,124,0,0,7804,9,288,,,930,0,92537.5
2026-03-18T07:14:57.044,70.5,CL,20.0,39,3.12,-1.56,925.0,0,7.5,11,4.0,16.9,0.0,85.9,255,4484,99,406.0,210.8,14.12,11,126,0,0,7804,9,288,,,910,0,92537.5
2026-03-18T07:14:59.147,72.6,CL,20.0,39,3.12,-1.56,925.0,0,8.0,11,3.89,16.9,0.0,85.9,255,4484,99,406.4,211.8,14.12,11,128,0,0,7804,9,288,,,927,0,92537.5
2026-03-18T07:15:01.375,74.83,CL,20.4,39,3.91,-1.56,915.5,0,9.0,11,4.12,16.9,0.0,85.9,255,4484,99,406.9,213.3,14.12,11,130,0,0,7804,9,288,,,956,0,92537.5
2026-03-18T07:15:03.738,77.19,CL,21.6,43,4.69,-1.56,889.8,0,4.0,11,3.73,16.9,0.0,85.9,255,4484,99,407.6,214.4,14.12,11,133,0,0,7804,10,288,,,961,0,92537.5
2026-03-18T07:15:05.761,79.22,CL,21.2,43,7.81,-1.56,871.0,0,5.0,11,3.9,16.9,0.0,85.9,255,4484,99,408.1,215.4,14.13,11,135,0,0,7804,10,288,,,958,0,92537.5
2026-03-18T07:15:08.137,81.59,CL,21.2,40,4.69,-1.56,928.8,0,7.0,11,4.12,16.9,0.0,85.9,255,4484,99,408.5,216.4,14.13,11,137,0,0,7804,9,288,,,993,0,92537.5
2026-03-18T07:15:10.426,83.88,CL,22.7,38,3.91,-1.56,971.8,0,2.5,11,4.93,17.3,0.0,85.9,255,4484,99,409.1,217.5,14.14,11,139,0,0,7804,11,288,,,971,0,92537.5
2026-03-18T07:15:12.599,86.05,CL,22.7,37,1.56,-1.56,1056.2,0,3.0,11,5.14,17.3,0.0,85.9,255,4484,99,410.0,219.6,14.12,11,142,0,0,7804,10,288,,,1018,0,92537.5
2026-03-18T07:15:15.150,88.6,CL,23.5,37,3.12,-1.56,1051.5,0,3.0,11,4.89,17.3,0.0,87.1,255,4484,99,411.6,221.1,14.12,11,144,0,0,7804,10,288,,,983,0,92537.5
2026-03-18T07:15:17.508,90.96,CL,23.1,37,2.34,-1.56,994.5,0,4.5,11,4.71,17.3,0.0,86.3,255,4484,99,412.6,222.6,14.12,11,146,0,0,7804,10,288,,,1004,0,92537.5
2026-03-18T07:15:19.678,93.13,CL,22.7,38,4.69,-1.56,983.5,0,5.5,11,4.57,17.3,0.0,85.9,255,4484,99,413.5,224.0,14.13,11,148,0,0,7804,10,288,,,987,0,92537.5
2026-03-18T07:15:22.035,95.49,CL,23.1,38,5.47,-1.56,977.2,0,4.0,11,4.53,17.3,0.0,85.9,255,4484,99,414.4,225.4,14.12,11,151,0,0,7804,10,288,,,1026,0,92537.5
2026-03-18T07:15:24.136,97.59,CL,22.4,38,5.47,-1.56,966.2,0,5.0,11,4.53,16.9,0.0,85.1,255,4484,99,415.3,226.7,14.13,11,153,0,0,7804,10,288,,,1027,0,92537.5
2026-03-18T07:15:26.370,99.82,CL,22.7,39,5.47,-1.56,953.0,0,4.0,11,4.54,16.9,0.0,85.9,255,4484,99,416.1,228.6,14.11,11,155,0,0,7804,11,288,,,1003,0,92537.5
2026-03-18T07:15:28.769,102.22,CL,23.1,39,4.69,-1.56,921.8,0,3.0,11,4.43,16.9,0.0,85.5,255,4484,99,417.1,229.9,14.12,11,157,0,0,7804,11,288,,,1046,0,92537.5
2026-03-18T07:15:31.217,104.67,CL,23.1,40,6.25,-1.56,933.5,0,2.0,11,4.51,17.3,0.0,85.5,255,4484,99,417.8,231.0,14.12,11,160,0,0,7804,10,288,,,1009,0,92537.5
2026-03-18T07:15:33.383,106.84,CL,22.7,40,6.25,-1.56,922.5,0,3.5,11,4.39,16.9,0.0,85.5,255,4484,99,418.4,232.2,14.12,11,162,0,0,7804,10,288,,,1021,0,92537.5
2026-03-18T07:15:35.678,109.13,CL,22.7,40,5.47,-1.56,914.0,0,3.5,11,4.31,16.9,0.0,85.5,255,4484,99,419.0,233.3,14.12,11,164,0,0,7804,10,288,,,1006,0,92537.5
2026-03-18T07:15:37.846,111.3,CL,22.7,40,6.25,-1.56,917.8,0,3.0,11,4.25,16.9,0.0,85.5,255,4484,99,419.6,234.4,14.12,11,166,0,0,7804,10,288,,,1003,0,92537.5
2026-03-18T07:15:40.141,113.6,CL,22.4,40,5.47,-1.56,907.8,0,3.5,11,4.29,16.9,0.0,85.5,255,4484,99,420.1,235.5,14.12,11,168,0,0,7804,11,288,,,1000,0,92537.5
2026-03-18T07:15:42.181,115.64,CL,22.4,41,5.47,-1.56,904.5,0,3.5,11,4.29,16.9,0.0,85.5,255,4484,99,420.8,237.1,14.13,11,171,0,0,7804,11,288,,,1125,0,92537.5
2026-03-18T07:15:44.409,117.86,CL,25.9,41,6.25,-1.56,913.2,0,-1.0,11,6.78,18.0,0.0,85.9,255,4484,99,421.6,238.3,14.1,11,173,0,0,7804,14,288,,,1316,0,92537.5
2026-03-18T07:15:46.716,120.17,CL,30.6,41,7.81,-1.56,728.8,0,-1.0,11,4.57,16.9,0.0,85.9,255,4484,99,422.3,239.6,14.11,11,175,0,0,7804,15,288,,,1307,0,92537.5
2026-03-18T07:15:49.074,122.53,CL,29.8,41,7.03,-1.56,721.0,0,0.5,11,4.37,16.9,0.0,87.1,255,4484,99,423.0,240.8,14.09,11,177,0,0,7804,15,288,,,1298,0,92537.5
2026-03-18T07:15:51.489,124.94,CL,29.0,41,8.59,1.56,745.2,0,15.0,11,4.5,16.9,0.0,86.7,255,4484,99,423.6,241.9,14.11,11,179,0,0,7805,23,288,,,1976,0,92537.5
2026-03-18T07:15:53.767,127.22,CL,33.7,41,7.81,3.12,1264.8,4,25.5,11,9.9,20.0,0.0,86.7,255,4484,99,425.1,245.5,14.1,11,182,0,0,7805,30,288,,,2188,0,92537.5
2026-03-18T07:15:55.953,129.41,CL,38.0,42,-3.12,2.34,1685.0,10,24.0,11,12.45,20.4,0.0,86.7,255,4484,99,433.5,250.6,14.12,11,184,0,0,7805,19,288,,,1368,0,92537.5
2026-03-18T07:15:58.218,131.67,CL,30.6,42,-3.12,1.56,1646.8,14,30.0,11,4.85,17.3,0.0,84.3,255,4484,99,439.1,255.2,14.12,11,186,0,0,7805,10,288,,,1187,0,92537.5
2026-03-18T07:16:00.605,134.06,CL,20.8,42,1.56,1.56,1375.0,10,30.5,11,4.25,16.9,0.0,86.7,255,4484,99,442.5,258.4,14.11,11,189,0,0,7805,5,288,,,1110,0,92537.5
2026-03-18T07:16:03.007,136.46,CL,18.8,43,0.78,1.56,1207.0,7,23.5,11,15.7,19.6,0.0,83.9,255,4484,99,445.0,260.9,14.12,11,191,0,0,7805,37,288,,,2280,0,92537.5
2026-03-18T07:16:05.293,138.75,CL,47.5,43,-4.69,-3.91,2225.0,13,20.0,11,20.35,22.7,0.0,83.5,255,4484,99,459.2,270.7,14.12,11,193,0,0,7805,27,288,,,1771,0,92537.5
2026-03-18T07:16:07.701,141.16,CL,33.3,43,-0.78,3.12,1666.2,19,26.0,11,12.43,21.2,0.0,81.2,255,4484,99,468.1,277.3,14.12,11,195,0,0,7805,21,288,,,1146,0,92537.5
2026-03-18T07:16:10.001,143.46,CL,19.6,43,-3.12,-1.56,1571.8,21,14.5,11,4.7,16.9,0.0,86.7,255,4484,99,474.3,282.5,14.11,11,198,0,0,7805,5,288,,,838,0,92537.5
2026-03-18T07:16:12.329,145.78,CL,20.0,44,-3.91,-1.56,779.5,15,0.5,11,5.31,17.3,0.0,86.7,255,4484,99,477.9,285.7,14.08,11,200,0,0,7805,20,288,,,2095,0,92537.5
2026-03-18T07:16:14.714,148.17,CL,34.5,45,2.34,2.34,1306.2,6,14.5,11,14.93,23.1,0.0,78.8,255,4484,99,483.2,290.7,14.11,11,202,0,0,7805,40,288,,,2558,0,92537.5
2026-03-18T07:16:17.116,150.57,CL,49.0,45,-3.12,-0.78,1646.8,13,19.0,11,16.23,22.7,0.0,73.3,255,4484,99,490.9,296.7,14.1,11,205,0,0,7805,44,288,,,2574,0,92537.6
2026-03-18T07:16:19.489,152.94,CL,57.3,45,-5.47,-3.91,2167.0,20,15.5,11,25.78,25.1,0.0,83.9,255,4484,99,505.8,306.2,14.12,11,207,0,0,7805,31,288,,,2476,0,92537.6
2026-03-18T07:16:21.884,155.34,CL,47.5,46,-4.69,-3.91,1880.2,28,15.0,11,22.4,24.7,0.0,86.3,255,4484,99,524.1,317.4,14.12,10,210,0,0,7805,46,288,,,2430,0,92537.6
2026-03-18T07:16:24.233,157.69,CL,54.5,47,-3.91,-3.91,2063.2,32,16.5,10,22.98,24.3,0.0,86.3,255,4484,99,548.9,334.0,14.13,10,212,0,0,7805,40,288,,,2229,0,92537.6
2026-03-18T07:16:26.501,159.96,CL,47.5,47,-3.91,-1.56,1793.8,37,16.5,10,19.45,23.9,0.0,85.5,255,4484,99,561.7,343.9,14.12,10,214,0,0,7805,43,288,,,2532,0,92537.6
2026-03-18T07:16:28.805,162.26,CL,54.5,48,-3.91,-1.56,1903.8,39,16.0,10,21.29,24.7,0.0,86.7,255,4484,99,572.1,352.9,14.12,10,216,0,0,7805,45,288,,,2570,0,92537.7
2026-03-18T07:16:31.077,164.53,CL,53.7,49,-4.69,-1.56,1981.2,41,17.0,10,21.7,24.3,0.0,85.5,255,4484,99,581.6,361.8,14.13,10,218,0,0,7805,44,288,,,2386,0,92537.7
2026-03-18T07:16:33.463,166.92,CL,51.8,50,-5.47,-3.91,2060.8,45,18.0,10,20.28,23.1,0.0,83.9,255,4484,99,590.5,370.6,14.13,10,221,0,0,7805,37,288,,,2173,0,92537.7
2026-03-18T07:16:35.915,169.37,CL,45.1,51,-4.69,-3.91,2091.2,48,19.0,10,20.18,23.1,0.0,86.3,255,4484,99,599.9,381.9,14.11,10,223,0,0,7805,35,288,,,2405,0,92537.7
2026-03-18T07:16:38.243,171.7,CL,47.8,51,-1.56,-3.91,1897.5,49,18.5,10,18.85,23.1,0.0,85.9,255,4484,99,604.2,388.3,14.12,10,225,0,0,7805,23,288,,,1631,0,92537.8
2026-03-18T07:16:40.633,174.09,CL,25.9,52,-3.12,2.34,1693.8,50,28.5,10,8.5,18.8,0.0,83.1,255,4484,99,606.0,392.8,14.11,10,228,0,0,7805,14,288,,,1316,0,92537.8
2026-03-18T07:16:43.021,176.48,CL,21.6,52,0.78,1.56,1628.0,49,28.5,10,8.09,19.2,0.0,82.7,255,4485,99,605.5,396.6,14.12,10,230,0,0,7805,16,288,,,1453,0,92537.8
2026-03-18T07:16:45.388,178.84,CL,24.3,53,1.56,2.34,1643.8,48,30.0,10,6.31,17.3,0.0,83.1,255,4485,99,604.1,398.1,14.12,10,233,0,0,7805,0,288,,,728,0,92537.9
2026-03-18T07:16:47.800,181.25,CL,14.5,53,-5.47,-1.56,1301.5,47,4.0,10,3.85,16.5,0.0,83.1,255,4485,99,602.3,398.8,14.12,10,235,0,0,7805,2,288,,,703,0,92537.9
2026-03-18T07:16:50.117,183.57,CL,14.1,54,-5.47,-1.56,1066.2,41,17.0,10,3.48,16.5,0.0,78.4,255,4485,99,600.5,399.0,14.12,10,238,0,0,7805,5,288,,,883,0,92537.9
2026-03-18T07:16:52.493,185.95,CL,18.4,54,-4.69,-1.56,925.8,28,2.5,10,3.82,16.5,0.0,76.1,255,4485,99,597.6,398.8,14.12,10,240,0,0,7806,13,288,,,1354,0,92537.9
2026-03-18T07:16:54.833,188.29,CL,25.9,54,3.12,-1.56,728.0,10,-2.5,10,4.25,16.9,0.0,83.5,255,4485,99,595.7,398.4,14.09,10,242,0,0,7806,44,288,,,2738,0,92538.0
2026-03-18T07:16:57.248,190.7,CL,60.4,54,-4.69,-1.56,1707.0,9,13.0,10,22.57,26.3,0.0,75.7,255,4485,99,596.2,400.5,14.07,10,244,0,0,7806,51,288,,,2788,0,92538.0
2026-03-18T07:16:59.526,192.98,CL,58.8,54,-3.12,-1.56,1933.5,17,14.5,10,23.95,25.9,0.0,81.2,255,4485,99,600.4,405.2,14.11,10,246,0,0,7806,50,288,,,2497,0,92538.0
2026-03-18T07:17:01.857,195.31,CL,55.3,54,-3.91,-3.91,2355.2,27,-1.0,10,23.82,25.9,0.0,74.1,255,4485,99,613.8,416.9,14.12,10,249,0,0,7806,47,288,,,2557,0,92538.0
2026-03-18T07:17:04.350,197.81,CL,55.7,55,-3.12,-3.91,2054.5,33,15.5,10,23.57,24.7,0.0,83.1,255,4485,99,621.4,424.2,14.12,10,251,0,0,7806,44,288,,,2336,0,92538.0
2026-03-18T07:17:06.675,200.13,CL,52.2,55,-3.91,-3.91,2235.8,37,2.0,10,25.17,26.3,0.0,82.0,255,4485,99,627.9,431.1,14.12,10,254,0,0,7806,51,288,,,2739,0,92538.0
2026-03-18T07:17:09.090,202.54,CL,59.6,55,0.78,-3.91,2010.0,42,14.0,9,25.01,26.3,0.0,86.3,255,4485,99,633.6,437.8,14.12,9,256,0,0,7806,51,288,,,2445,0,92538.1
2026-03-18T07:17:11.347,204.8,CL,51.8,57,-4.69,-3.91,2055.2,47,19.0,9,16.39,21.2,0.0,86.3,255,4485,99,639.8,446.6,14.13,9,258,0,0,7806,29,288,,,2066,0,92538.1
2026-03-18T07:17:13.765,207.22,CL,36.9,57,-3.12,3.12,1741.2,47,25.0,9,11.09,19.6,0.0,86.3,255,4485,99,640.1,449.8,14.13,9,261,0,0,7806,13,288,,,1112,0,92538.1
2026-03-18T07:17:16.269,209.72,CL,18.4,58,0.0,-1.56,1439.8,48,-13.0,10,4.31,16.9,0.0,87.1,255,4485,99,638.7,451.3,14.14,10,263,0,0,7806,0,288,,,738,0,92538.2
2026-03-18T07:17:18.523,211.98,OL-Drive,14.1,59,0.0,-1.56,1260.8,47,30.0,10,3.53,16.9,0.0,80.0,255,4485,99,633.1,451.8,14.16,10,265,0,0,7806,0,288,,,763,0,92538.2
2026-03-18T07:17:20.886,214.34,OL-Drive,14.5,59,0.0,-1.56,1012.5,34,2.0,10,3.59,16.5,0.0,63.9,255,4485,99,617.0,451.7,14.12,10,267,0,0,7806,2,288,,,724,0,92538.2
2026-03-18T07:17:23.226,216.68,CL,14.1,59,0.0,1.56,1226.5,26,11.0,10,9.71,19.6,0.0,67.1,255,4485,99,610.4,451.4,14.14,10,270,0,0,7806,53,288,,,3020,0,92538.2
2026-03-18T07:17:25.605,219.06,CL,68.6,59,-0.78,-1.56,1408.5,28,5.5,10,19.68,25.1,0.0,82.4,255,4485,99,609.2,453.2,14.14,9,272,0,0,7806,54,288,,,2785,0,92538.2
2026-03-18T07:17:27.929,221.38,CL,60.0,59,-0.78,-1.56,1753.8,36,14.0,9,23.75,25.9,0.0,86.7,255,4485,99,611.0,456.1,14.13,9,275,0,0,7806,48,288,,,2557,0,92538.3
2026-03-18T07:17:30.300,223.76,CL,54.1,59,-2.34,-1.56,1657.0,42,12.5,9,22.03,27.1,0.0,83.5,255,4485,99,616.8,461.6,14.14,9,277,0,0,7806,52,288,,,2610,0,92538.3
2026-03-18T07:17:32.689,226.14,CL,59.6,59,-4.69,-3.91,2089.0,44,15.5,9,21.68,24.3,0.0,86.3,255,4485,99,622.5,466.1,14.16,9,279,0,0,7806,27,288,,,1991,0,92538.3
2026-03-18T07:17:35.049,228.5,CL,35.7,60,-0.78,2.34,1428.8,48,24.5,9,11.5,20.4,0.0,86.7,255,4485,99,624.7,468.7,14.13,9,282,0,0,7806,16,288,,,1427,0,92538.4
2026-03-18T07:17:37.443,230.9,CL,20.8,61,-0.78,-1.56,1408.5,49,-15.5,9,4.23,16.9,0.0,86.7,255,4485,99,624.4,469.9,14.14,9,284,0,0,7806,0,288,,,755,0,92538.4
2026-03-18T07:17:39.782,233.24,OL-Drive,14.1,61,0.0,2.34,1281.2,45,30.0,9,3.76,16.5,0.0,86.7,255,4485,99,618.9,470.0,14.14,9,286,0,0,7806,0,288,,,764,0,92538.4
2026-03-18T07:17:42.060,235.51,OL-Drive,14.5,61,0.0,2.34,1290.5,39,30.0,10,3.87,16.5,0.0,83.9,255,4485,99,604.8,469.5,14.15,10,288,0,0,7806,24,288,,,2328,0,92538.4
2026-03-18T07:17:44.354,237.81,CL,34.5,61,-1.56,1.56,1284.2,35,20.5,9,14.15,19.2,0.0,76.1,255,4485,99,595.4,469.3,14.14,9,291,0,0,7806,52,288,,,2768,0,92538.5
2026-03-18T07:17:46.756,240.21,CL,67.5,61,0.78,-1.56,1464.8,39,10.0,9,20.26,25.1,0.0,80.8,255,4485,99,592.8,470.3,14.14,9,293,0,0,7806,51,288,,,2748,0,92538.5
2026-03-18T07:17:49.138,242.59,CL,59.6,61,-0.78,-1.56,1676.5,47,14.5,9,20.48,25.1,0.0,79.2,255,4485,99,595.7,473.3,14.15,9,295,0,0,7806,30,288,,,2065,0,92538.5
2026-03-18T07:17:51.606,245.06,CL,37.6,61,-2.34,1.56,1542.0,52,27.5,9,4.65,16.9,0.0,86.3,255,4485,99,597.4,474.7,14.14,9,298,0,0,7806,13,288,,,1256,0,92538.6
2026-03-18T07:17:54.081,247.54,CL,21.2,61,-11.72,1.56,1583.5,54,27.5,9,10.03,19.2,0.0,86.7,255,4485,99,597.2,475.1,14.14,9,300,0,0,7807,19,288,,,2299,0,92538.6
2026-03-18T07:17:56.458,249.91,CL,31.8,61,-3.12,1.56,1341.2,55,26.0,9,10.7,20.4,0.0,86.7,255,4485,99,595.6,475.0,14.14,9,302,0,0,7807,27,288,,,2276,0,92538.6
2026-03-18T07:17:58.817,252.27,CL,31.0,62,0.78,1.56,1355.2,55,33.5,9,6.45,17.3,0.0,86.7,255,4485,99,594.4,474.8,14.15,9,305,0,0,7807,13,288,,,1251,0,92538.7
2026-03-18T07:18:01.183,254.64,CL,20.0,62,-2.34,0.0,1316.2,56,31.5,9,5.04,18.0,5.9,87.1,255,4485,99,592.6,474.2,14.14,9,307,0,0,7807,12,288,,,1389,0,92538.7
2026-03-18T07:18:03.456,256.91,CL,21.2,62,-11.72,0.78,1282.8,54,33.0,9,7.93,17.6,0.0,86.7,255,4485,99,590.5,473.5,14.15,9,310,0,0,7807,16,288,,,1631,0,92538.7
2026-03-18T07:18:05.789,259.24,CL,23.5,62,1.56,1.56,1256.2,52,35.5,9,3.87,16.5,5.5,86.7,255,4485,99,588.4,472.1,14.16,9,312,0,0,7807,0,288,,,788,0,92538.8
2026-03-18T07:18:08.233,261.69,OL-Drive,14.1,62,0.0,1.56,1180.2,50,30.5,9,4.93,17.3,0.0,86.3,255,4485,99,585.2,471.1,14.14,9,314,0,0,7807,8,288,,,840,0,92538.8
2026-03-18T07:18:10.651,264.11,CL,14.9,62,0.78,1.56,1369.5,47,18.5,9,4.12,16.9,0.0,86.7,255,4485,99,583.0,470.1,14.14,9,316,0,0,7807,0,288,,,751,0,92538.8
2026-03-18T07:18:12.934,266.39,OL-Drive,14.1,62,0.0,-1.56,1254.5,45,30.0,9,3.62,16.5,0.0,86.7,255,4486,99,581.0,469.0,14.13,9,319,0,0,7807,0,288,,,765,0,92538.9
2026-03-18T07:18:15.368,268.82,OL-Drive,14.1,62,0.0,-1.56,1149.0,37,-20.5,9,3.4,16.1,0.0,87.1,255,4486,99,565.8,467.0,14.13,9,321,0,0,7807,1,288,,,751,0,92538.9
2026-03-18T07:18:17.688,271.14,CL,13.3,61,-1.56,-1.56,1159.2,26,11.0,9,3.34,16.1,0.0,86.3,255,4486,99,558.3,465.8,14.12,9,323,0,0,7807,4,288,,,802,0,92538.9
2026-03-18T07:18:19.958,273.41,CL,14.9,62,0.78,-1.56,1017.0,23,15.5,9,3.57,16.5,0.0,83.5,255,4486,99,553.0,464.6,14.12,10,326,0,0,7807,9,288,,,1121,0,92538.9
2026-03-18T07:18:22.483,275.94,CL,22.7,61,2.34,1.56,853.8,15,-11.0,9,3.39,16.5,0.0,84.3,255,4486,99,549.2,463.4,14.09,9,328,0,0,7807,9,288,,,1057,0,92538.9
2026-03-18T07:18:24.803,278.26,CL,23.1,61,-5.47,-1.56,792.8,10,9.5,9,22.93,24.3,0.0,80.8,255,4486,99,545.9,462.0,14.09,9,331,0,0,7807,48,288,,,2793,0,92538.9
2026-03-18T07:18:27.163,280.62,CL,59.2,61,-2.34,-1.56,1735.8,12,14.0,9,21.18,26.7,15.3,79.2,255,4486,99,550.4,463.3,14.14,9,333,0,0,7807,50,288,,,2761,0,92538.9
2026-03-18T07:18:29.601,283.06,CL,58.4,61,-1.56,0.0,1614.0,21,26.0,9,8.73,18.4,6.7,82.4,255,4486,99,557.6,465.4,14.13,9,335,0,0,7807,9,288,,,1670,0,92539.0
2026-03-18T07:18:31.929,285.38,CL,25.1,61,-1.56,1.56,1217.0,23,32.0,9,6.89,18.0,12.2,86.3,255,4486,99,560.9,466.4,14.12,9,337,0,0,7807,34,288,,,2806,0,92539.0
2026-03-18T07:18:34.202,287.66,CL,50.6,61,0.78,0.78,1310.0,27,16.0,9,14.43,23.5,34.9,77.6,255,4486,99,564.7,467.6,14.11,9,340,0,0,7807,53,288,,,2755,0,92539.0
2026-03-18T07:18:36.565,290.02,CL,60.0,62,-1.56,-1.56,1614.8,33,13.5,9,19.6,25.1,42.4,77.3,255,4486,99,569.8,469.4,14.15,9,342,0,0,7807,47,288,,,2713,0,92539.0
2026-03-18T07:18:38.942,292.4,CL,55.7,61,-3.12,-1.56,1853.0,37,13.5,9,22.92,26.7,54.1,83.5,255,4486,99,576.9,471.9,14.14,9,344,0,0,7807,54,288,,,2718,0,92539.0
2026-03-18T07:18:41.391,294.85,CL,55.7,62,-4.69,-1.56,2124.0,43,16.5,9,21.35,24.3,33.7,87.1,255,4486,99,588.0,475.9,14.14,9,347,0,0,7807,43,288,,,2548,0,92539.1
2026-03-18T07:18:43.758,297.21,CL,49.0,62,0.0,-1.56,1703.8,47,18.0,9,16.92,23.1,29.8,87.1,255,4486,99,598.8,480.2,14.15,9,349,0,0,7807,41,288,,,2548,0,92539.1
2026-03-18T07:18:46.108,299.56,CL,49.8,63,-2.34,-1.56,1799.0,51,18.5,9,16.35,23.1,27.8,85.9,255,4486,99,603.2,482.3,14.14,9,351,0,0,7807,42,288,,,2586,0,92539.1
2026-03-18T07:18:48.550,302.0,CL,49.8,63,-1.56,-1.56,1571.8,52,15.0,9,17.17,24.3,39.2,86.3,255,4486,99,606.4,484.0,14.13,9,354,0,0,7807,48,288,,,2734,0,92539.2
2026-03-18T07:18:50.947,304.4,CL,56.9,64,-1.56,-1.56,1671.8,55,17.0,9,16.6,23.1,29.4,85.5,255,4486,99,610.2,486.3,14.14,9,356,0,0,7807,30,288,,,2315,0,92539.2
2026-03-18T07:18:53.242,306.7,CL,39.2,65,-0.78,0.78,1409.2,57,20.0,9,12.07,21.2,21.2,86.7,255,4486,99,610.8,487.1,14.14,9,358,0,0,7808,41,288,,,2581,0,92539.2
2026-03-18T07:18:55.620,309.07,CL,54.9,65,-1.56,-1.56,1450.0,58,8.5,9,18.98,23.9,36.1,86.3,255,4486,99,611.7,488.0,14.13,9,361,0,0,7808,40,288,,,2367,0,92539.3
2026-03-18T07:18:57.992,311.45,CL,51.8,65,-1.56,0.78,1492.0,62,21.5,9,11.29,20.4,18.4,83.1,255,4486,99,612.5,488.9,14.12,9,363,0,0,7808,35,288,,,2375,0,92539.3
2026-03-18T07:19:00.474,313.93,CL,47.1,65,-2.34,0.0,1504.5,63,18.0,9,15.5,22.0,27.5,86.7,255,4486,99,612.5,489.6,14.13,9,366,0,0,7808,42,288,,,2472,0,92539.4
2026-03-18T07:19:02.847,316.3,CL,52.2,66,-0.78,-0.78,1550.0,62,15.0,9,14.68,20.8,23.9,85.5,255,4486,99,613.1,490.4,14.14,9,368,0,0,7808,40,288,,,2343,0,92539.4
2026-03-18T07:19:05.307,318.76,CL,47.8,66,0.78,0.0,1583.5,66,17.5,9,15.17,20.8,27.1,87.1,255,4486,99,613.7,491.2,14.15,9,371,0,0,7808,33,288,,,2140,0,92539.4
2026-03-18T07:19:07.698,321.15,CL,42.4,66,-1.56,0.0,1612.5,66,20.5,9,13.18,20.8,25.5,86.7,255,4486,99,613.5,491.8,14.15,9,373,0,0,7808,21,288,,,2372,0,92539.5
2026-03-18T07:19:10.117,323.57,CL,38.4,67,-1.56,1.56,1304.5,66,19.0,9,12.14,21.2,28.6,86.3,255,4486,99,612.5,491.8,14.12,9,375,0,0,7808,43,288,,,2628,0,92539.5
2026-03-18T07:19:12.532,325.99,CL,55.3,67,-0.78,0.0,1323.2,67,12.5,9,14.5,22.0,36.1,86.7,255,4486,99,612.1,492.1,14.14,9,378,0,0,7808,39,288,,,2613,0,92539.6
2026-03-18T07:19:14.901,328.36,CL,48.6,67,1.56,1.56,1335.0,68,24.0,9,10.01,20.0,26.3,86.7,255,4486,99,611.8,492.3,14.12,9,380,0,0,7808,34,288,,,2592,0,92539.6
2026-03-18T07:19:17.333,330.79,CL,45.5,68,0.78,0.78,1338.2,69,18.0,9,13.48,21.2,39.2,86.7,255,4486,99,610.5,492.4,14.14,9,382,0,0,7808,41,288,,,2558,0,92539.7
2026-03-18T07:19:19.718,333.17,CL,47.8,68,0.0,0.78,1357.8,68,16.5,9,13.89,22.0,40.8,86.7,255,4486,99,610.0,492.5,14.15,9,384,0,0,7808,31,288,,,2360,0,92539.7
2026-03-18T07:19:22.045,335.5,CL,42.0,68,0.0,0.78,1351.5,70,33.0,9,7.71,18.4,20.8,86.7,255,4486,99,609.1,492.5,14.12,9,387,0,0,7808,30,288,,,2592,0,92539.8
2026-03-18T07:19:24.430,337.88,CL,40.4,68,0.78,1.56,1351.5,69,23.5,9,10.4,20.4,30.6,87.1,255,4486,99,607.9,492.1,14.14,9,389,0,0,7808,24,288,,,2300,0,92539.8
2026-03-18T07:19:26.869,340.32,CL,32.5,68,1.56,1.56,1340.5,69,23.0,9,10.59,20.4,36.5,86.7,255,4486,99,605.7,491.7,14.12,9,392,0,0,7808,36,288,,,2579,0,92539.9
2026-03-18T07:19:29.188,342.64,CL,43.9,68,1.56,1.56,1342.8,68,19.5,9,11.85,21.2,40.0,83.1,255,4487,99,604.6,491.6,14.12,9,394,0,0,7808,35,288,,,2586,0,92539.9
2026-03-18T07:19:31.547,345.0,CL,42.0,68,2.34,1.56,1346.8,69,23.0,9,9.68,20.8,33.7,83.5,255,4487,99,603.7,491.4,14.13,9,396,0,0,7808,31,288,,,2550,0,92539.9
2026-03-18T07:19:33.939,347.39,CL,40.8,68,-0.78,-0.78,1347.5,69,11.5,9,15.48,22.4,58.4,86.3,255,4487,99,602.9,491.4,14.14,9,399,0,0,7808,47,288,,,2549,0,92540.0
2026-03-18T07:19:36.387,349.84,CL,59.2,69,1.56,-1.56,1386.5,71,12.5,9,14.73,22.7,52.2,86.7,255,4487,99,603.9,491.9,14.13,9,401,0,0,7808,40,288,,,2579,0,92540.0
2026-03-18T07:19:38.737,352.19,CL,52.9,69,3.12,-0.78,1392.0,71,11.5,9,17.04,22.7,68.2,86.7,255,4487,99,605.1,492.6,14.14,9,403,0,0,7808,50,288,,,2580,0,92540.1
2026-03-18T07:19:41.148,354.6,CL,62.0,69,2.34,-1.56,1420.2,71,6.0,9,19.35,24.3,79.6,86.7,255,4487,99,607.0,493.6,14.14,9,406,0,0,7808,70,288,,,2891,0,92540.1
2026-03-18T07:19:43.550,357.0,CL,90.2,69,-2.34,-3.91,1482.0,73,1.5,9,23.53,30.2,66.7,86.7,255,4487,99,618.0,498.4,14.15,9,408,0,0,7808,56,288,,,2658,0,92540.2
2026-03-18T07:19:46.047,359.5,CL,69.8,69,-1.56,-1.56,1503.8,75,5.0,9,21.92,25.1,43.5,86.3,255,4487,99,624.8,501.5,14.14,8,410,0,0,7808,59,288,,,2639,0,92540.2
2026-03-18T07:19:48.508,361.96,CL,71.0,70,0.78,-1.56,1507.0,76,12.0,8,18.03,22.4,62.0,86.3,255,4487,99,629.5,503.9,14.12,9,413,0,0,7808,30,288,,,2351,0,92540.3
2026-03-18T07:19:50.879,364.33,CL,42.7,70,4.69,0.0,1478.8,76,19.0,9,12.89,21.6,51.8,86.3,255,4487,99,631.2,505.3,14.13,9,415,0,0,7808,40,288,,,2600,0,92540.3
2026-03-18T07:19:53.341,366.8,CL,47.8,70,6.25,0.0,1482.0,75,25.5,9,12.48,21.2,56.1,84.3,255,4487,99,630.7,505.6,14.14,9,417,0,0,7808,23,288,,,1974,0,92540.4
2026-03-18T07:19:55.698,369.15,CL,29.8,71,3.12,0.78,1464.8,75,28.0,9,4.21,16.9,0.0,86.7,255,4487,99,629.1,505.4,14.15,9,420,0,0,7809,17,288,,,1799,0,92540.4
2026-03-18T07:19:58.127,371.58,CL,27.8,71,-7.03,0.78,1415.5,74,30.5,9,7.53,17.3,25.5,86.7,255,4487,99,625.7,504.3,14.15,9,422,0,0,7809,13,288,,,1251,0,92540.5
2026-03-18T07:20:00.511,373.97,CL,20.0,71,0.78,1.56,1405.2,73,31.5,9,3.87,16.5,0.0,87.1,255,4487,99,623.2,503.3,14.17,9,425,0,0,7809,0,288,,,840,0,92540.6
2026-03-18T07:20:02.907,376.36,OL-Drive,14.5,71,0.0,-1.56,1343.8,70,30.0,9,4.73,17.3,0.0,86.7,255,4487,99,620.5,502.1,14.16,9,427,0,0,7809,0,288,,,975,0,92540.6
2026-03-18T07:20:05.284,378.74,OL-Drive,17.6,71,0.0,-1.56,1272.5,67,30.0,9,4.67,16.9,0.0,86.7,255,4487,99,605.9,499.6,14.15,9,430,0,0,7809,0,288,,,957,0,92540.6
2026-03-18T07:20:07.772,381.23,OL-Drive,17.6,71,0.0,-1.56,1201.5,64,30.0,9,4.34,16.9,0.0,87.1,255,4487,99,572.6,497.6,14.16,9,432,0,0,7809,0,288,,,968,0,92540.7
2026-03-18T07:20:10.212,383.67,OL-Drive,17.3,70,0.0,-1.56,1404.5,61,30.0,9,5.25,17.3,0.0,87.1,255,4487,99,548.3,495.2,14.16,9,434,0,0,7809,0,288,,,945,0,92540.7
2026-03-18T07:20:12.541,386.0,OL-Drive,17.6,70,0.0,-1.56,1184.2,53,30.0,9,4.35,16.9,0.0,85.1,255,4487,99,523.5,492.6,14.15,9,437,0,0,7809,0,288,,,932,0,92540.8
2026-03-18T07:20:14.946,388.4,OL-Drive,17.3,70,0.0,-1.56,1186.5,43,30.0,9,4.23,16.9,0.0,85.1,255,4487,99,489.6,488.5,14.14,9,439,0,0,7809,0,288,,,808,0,92540.8
2026-03-18T07:20:17.385,390.84,OL-Drive,14.9,69,0.0,-1.56,1083.5,34,14.5,9,3.23,16.1,0.0,84.7,255,4487,99,471.9,485.8,14.12,9,441,0,0,7809,3,288,,,820,0,92540.8
2026-03-18T07:20:19.805,393.26,CL,15.7,69,0.78,-1.56,921.0,22,7.0,9,3.78,16.5,0.0,82.0,255,4487,99,460.6,483.6,14.11,9,444,0,0,7809,14,288,,,1335,0,92540.8
2026-03-18T07:20:22.168,395.62,CL,27.8,68,4.69,-1.56,707.0,9,-1.5,9,4.21,16.9,0.0,83.1,255,4487,99,453.5,481.0,14.12,9,446,0,0,7809,14,288,,,1333,0,92540.8
2026-03-18T07:20:24.480,397.93,CL,27.8,68,6.25,-1.56,702.2,3,-4.0,9,4.0,16.5,0.0,85.5,255,4487,99,447.6,479.5,14.09,9,448,0,0,7809,14,288,,,1324,0,92540.8
2026-03-18T07:20:26.894,400.35,CL,27.5,68,2.34,-0.78,696.0,0,-2.5,9,4.01,16.5,0.0,86.7,255,4487,99,445.6,478.1,14.08,9,451,0,0,7809,14,288,,,1318,0,92540.8
2026-03-18T07:20:29.355,402.81,CL,27.8,67,-0.78,-0.78,683.5,0,-1.5,9,3.65,16.5,12.2,86.7,255,4487,99,444.3,476.7,14.08,9,453,0,0,7809,14,288,,,1343,0,92540.8
2026-03-18T07:20:31.693,405.15,CL,27.1,67,1.56,-0.78,693.8,0,-2.0,9,3.68,16.5,13.3,86.3,255,4487,99,443.2,474.8,14.1,9,455,0,0,7809,14,288,,,1313,0,92540.8
2026-03-18T07:20:34.078,407.53,CL,27.5,66,1.56,-0.78,694.5,0,-2.5,9,3.71,16.5,15.7,86.7,255,4487,99,442.8,473.5,14.1,9,458,0,0,7809,14,288,,,1361,0,92540.8
2026-03-18T07:20:36.462,409.92,CL,27.5,66,0.78,-0.78,697.5,0,-3.0,9,3.75,16.5,16.5,86.7,255,4487,99,442.5,472.3,14.09,9,460,0,0,7809,24,288,,,2140,0,92540.8
2026-03-18T07:20:38.913,412.37,CL,38.0,66,-1.56,1.56,1271.0,0,16.0,9,15.54,20.4,69.8,84.7,255,4487,99,443.1,471.3,14.12,9,463,0,0,7809,39,288,,,1818,0,92540.8
2026-03-18T07:20:41.307,414.76,CL,37.3,66,0.78,-0.78,1837.5,15,21.0,9,13.07,21.6,69.0,79.6,255,4487,99,456.4,472.1,14.1,9,465,0,0,7809,59,288,,,2558,0,92540.8
2026-03-18T07:20:43.697,417.15,CL,69.4,66,-0.78,-1.56,1941.2,24,13.0,9,24.54,25.1,73.3,78.8,255,4487,99,479.4,475.5,14.12,9,467,0,0,7809,72,288,,,3136,0,92540.9
2026-03-18T07:20:46.127,419.58,CL,87.1,66,-1.56,-3.91,2385.0,35,5.5,9,36.59,28.2,79.2,77.6,255,4488,99,524.1,482.6,14.08,9,470,0,0,7809,74,288,,,2488,0,92540.9
2026-03-18T07:20:48.488,421.94,CL,68.6,66,0.0,-1.56,2718.8,45,10.5,9,40.28,27.8,76.9,78.8,255,4488,99,611.2,499.3,14.12,9,472,0,0,7809,54,288,,,2255,0,92540.9
2026-03-18T07:20:50.782,424.24,CL,60.8,66,2.34,-1.56,1945.2,53,6.0,9,31.4,27.8,89.8,83.1,255,4488,99,645.6,507.9,14.12,9,474,0,0,7809,52,288,,,2303,0,92540.9
2026-03-18T07:20:53.218,426.67,CL,53.3,68,-2.34,-1.56,2126.5,60,17.0,9,22.09,23.1,71.0,86.7,255,4488,99,663.9,513.9,14.12,9,476,0,0,7809,42,288,,,2367,0,92541.0
2026-03-18T07:20:55.628,429.08,CL,60.4,69,-0.78,-1.56,1876.5,62,15.5,9,17.12,24.7,74.1,87.1,255,4488,99,671.3,517.3,14.12,9,479,0,0,7810,44,288,,,2255,0,92541.0
2026-03-18T07:20:58.007,431.46,CL,54.1,70,1.56,-1.56,1967.0,66,15.5,9,20.31,23.1,69.0,83.5,255,4488,99,673.5,520.5,14.11,9,481,0,0,7810,43,288,,,2355,0,92541.1
2026-03-18T07:21:00.376,433.83,CL,51.8,70,0.0,-1.56,2045.2,68,16.5,9,23.6,25.5,87.5,84.3,255,4488,99,672.6,522.0,14.11,9,484,0,0,7810,50,288,,,2820,0,92541.1
2026-03-18T07:21:02.769,436.22,CL,60.4,71,0.78,-1.56,2157.0,72,25.5,9,24.0,25.9,90.6,85.9,255,4488,99,672.1,523.9,14.12,9,486,0,0,7810,48,288,,,2668,0,92541.2
2026-03-18T07:21:05.082,438.54,CL,56.5,71,0.0,-1.56,2249.0,74,25.5,9,24.0,26.3,100.0,87.1,255,4488,99,671.9,527.3,14.12,9,488,0,0,7810,54,288,,,2847,0,92541.2
2026-03-18T07:21:07.520,440.97,CL,60.4,72,2.34,-1.56,1917.8,78,23.5,9,23.35,26.7,100.0,86.3,255,4488,99,671.4,529.1,14.13,9,491,0,0,7810,37,288,,,2160,0,92541.3
2026-03-18T07:21:09.963,443.42,CL,38.4,73,4.69,1.56,1580.2,80,25.5,9,8.2,19.2,49.0,86.7,255,4488,99,669.5,529.8,14.14,9,493,0,0,7810,19,288,,,2354,0,92541.3
2026-03-18T07:21:12.299,445.75,CL,25.5,73,2.34,-0.78,1316.2,81,10.0,9,16.9,32.9,46.7,85.9,255,4488,99,666.6,529.6,14.13,9,495,0,0,7810,76,288,,,2966,0,92541.4
2026-03-18T07:21:14.643,448.1,CL,85.9,73,0.78,-1.56,2009.2,82,20.5,9,27.37,30.2,100.0,83.5,255,4488,99,669.8,533.7,14.12,9,498,0,0,7810,50,288,,,2730,0,92541.4
2026-03-18T07:21:17.077,450.53,CL,58.0,74,-0.78,-3.91,2071.0,85,25.0,9,21.57,23.1,76.9,85.9,255,4488,99,671.0,536.0,14.12,9,500,0,0,7810,50,288,,,2866,0,92541.5
2026-03-18T07:21:19.496,452.95,CL,52.2,75,2.34,0.78,1703.0,87,24.5,9,10.37,23.1,58.8,85.1,255,4488,99,669.8,536.8,14.14,9,503,0,0,7810,32,288,,,2686,0,92541.5
2026-03-18T07:21:21.930,455.38,CL,42.7,75,8.59,0.0,1402.2,86,17.0,9,23.46,31.4,52.2,86.3,255,4488,99,666.3,536.6,14.13,9,505,0,0,7810,59,288,,,2989,0,92541.6
2026-03-18T07:21:24.414,457.87,CL,71.4,75,0.0,-1.56,1727.2,86,20.0,9,26.15,31.8,100.0,86.3,255,4488,99,665.8,537.4,14.13,9,507,0,0,7810,59,288,,,2954,0,92541.7
2026-03-18T07:21:26.819,460.27,CL,70.6,76,-0.78,-1.56,1774.0,90,19.0,9,23.48,28.2,100.0,86.3,255,4488,99,666.4,538.9,14.11,9,510,0,0,7810,52,288,,,2277,0,92541.7
2026-03-18T07:21:29.272,462.73,CL,76.1,76,-0.78,0.0,1807.8,92,24.5,9,14.78,25.9,100.0,83.9,255,4488,99,666.9,541.0,14.1,9,512,0,0,7810,53,288,,,2898,0,92541.8
2026-03-18T07:21:31.652,465.11,CL,49.8,76,1.56,0.0,1507.8,92,25.5,9,12.51,22.4,100.0,82.4,255,4488,99,665.2,541.1,14.12,9,515,0,0,7810,61,288,,,2250,0,92541.8
2026-03-18T07:21:34.075,467.53,CL,40.0,76,0.0,0.78,1498.2,93,29.5,9,11.39,18.8,59.6,84.7,255,4489,99,662.8,540.7,14.12,9,517,0,0,7810,48,288,,,2583,0,92541.9
2026-03-18T07:21:36.559,470.01,CL,49.0,77,0.78,-3.12,1465.5,90,23.5,9,24.65,24.3,100.0,84.3,255,4489,99,660.1,539.8,14.12,9,519,0,0,7810,44,288,,,2388,0,92542.0
2026-03-18T07:21:38.933,472.39,CL,51.4,78,2.34,-1.56,1467.0,92,7.5,9,13.48,24.7,57.6,85.1,255,4489,99,657.1,539.2,14.1,9,522,0,0,7810,58,288,,,3128,0,92542.0
2026-03-18T07:21:41.243,474.7,CL,78.0,77,0.78,-1.56,1764.8,92,8.5,9,21.65,25.1,94.9,86.3,255,4489,99,656.9,539.6,14.12,9,524,0,0,7810,56,288,,,2462,0,92542.1
2026-03-18T07:21:43.670,477.12,CL,51.8,75,0.0,-0.78,1782.0,91,27.5,9,17.17,23.1,0.0,85.9,255,4489,99,656.7,540.0,14.12,9,526,0,0,7810,50,288,,,2805,0,92542.1
2026-03-18T07:21:45.956,479.41,CL,58.8,75,0.0,0.0,1771.8,90,25.5,9,12.68,20.4,40.0,86.7,255,4489,99,655.2,539.1,14.11,9,529,0,0,7810,33,288,,,2040,0,92542.2
2026-03-18T07:21:48.372,481.83,CL,38.8,75,0.0,-3.91,1739.8,89,20.0,9,10.54,24.7,63.5,85.1,255,4489,99,651.4,538.1,14.1,9,531,0,0,7810,33,288,,,3098,0,92542.3
2026-03-18T07:21:50.750,484.2,CL,62.4,75,4.69,-3.12,1457.0,89,23.5,9,21.6,23.9,100.0,87.1,255,4489,99,649.1,537.2,14.09,9,533,0,0,7810,52,288,,,2963,0,92542.3
2026-03-18T07:21:53.102,486.56,CL,78.4,74,0.0,-3.12,1523.2,92,-1.0,9,35.4,35.7,70.2,87.1,255,4489,99,649.6,537.6,14.13,9,536,0,0,7810,46,288,,,2888,0,92542.4
2026-03-18T07:21:55.492,488.95,CL,59.2,74,0.78,-3.91,1821.8,91,20.5,9,19.37,25.1,83.1,86.7,255,4489,99,652.7,539.6,14.11,9,538,0,0,7811,57,288,,,2889,0,92542.4
2026-03-18T07:21:57.912,491.37,CL,64.7,74,3.12,-3.91,1847.5,92,9.5,9,23.46,28.6,100.0,85.9,255,4489,99,655.5,540.7,14.11,9,540,0,0,7811,55,288,,,2786,0,92542.5
2026-03-18T07:22:00.356,493.81,CL,65.9,74,0.0,-3.91,1896.0,98,21.5,9,29.96,28.6,50.2,85.5,255,4489,99,658.1,542.1,14.1,9,543,0,0,7811,53,288,,,3067,0,92542.6
2026-03-18T07:22:02.796,496.25,CL,66.3,74,1.56,-3.91,1960.0,99,17.0,9,27.07,27.1,89.0,86.7,255,4489,99,661.4,544.0,14.11,9,545,0,0,7811,54,288,,,2755,0,92542.6
2026-03-18T07:22:05.129,498.58,CL,69.0,74,1.56,-1.56,1975.0,100,19.5,9,7.93,20.0,62.7,83.5,255,4489,99,664.5,546.3,14.13,9,548,0,0,7811,31,288,,,2095,0,92542.7
2026-03-18T07:22:07.584,501.04,CL,34.9,75,5.47,0.78,1936.5,99,23.0,9,15.76,20.8,69.0,85.5,255,4489,99,663.3,546.1,14.15,9,550,0,0,7811,0,288,,,850,0,92542.8
2026-03-18T07:22:09.971,503.43,OL-Drive,14.9,75,0.0,-0.78,1865.5,97,30.0,9,8.9,18.0,0.0,82.7,255,4489,99,660.8,545.1,14.13,9,552,0,0,7811,27,288,,,2097,0,92542.8
2026-03-18T07:22:12.289,505.74,CL,33.7,75,1.56,3.12,1830.2,94,25.5,9,17.01,20.4,0.0,82.0,255,4489,99,656.3,543.3,14.13,9,554,0,0,7811,42,288,,,2433,0,92542.9
2026-03-18T07:22:14.744,508.2,CL,46.3,74,1.56,0.78,1525.0,94,25.0,9,20.68,26.3,58.8,84.7,255,4490,99,653.7,542.3,14.1,9,557,0,0,7811,34,288,,,2413,0,92543.0
2026-03-18T07:22:17.179,510.63,CL,44.3,74,4.69,1.56,1507.8,94,26.5,9,3.5,19.6,29.4,81.2,255,4490,99,650.8,541.0,14.13,9,559,0,0,7811,0,288,,,842,0,92543.0
2026-03-18T07:22:19.603,513.06,OL-Drive,14.5,73,0.0,-0.78,1438.2,90,30.0,9,5.45,16.9,0.0,82.4,255,4490,99,641.0,538.7,14.12,9,562,0,0,7811,0,288,,,991,0,92543.1
2026-03-18T07:22:21.991,515.45,OL-Drive,18.0,73,0.0,-0.78,1304.5,86,30.0,9,4.78,16.9,0.0,82.0,255,4490,99,620.1,536.6,14.1,9,564,0,0,7811,31,288,,,3105,0,92543.1
2026-03-18T07:22:24.469,517.92,CL,81.6,72,0.0,-3.91,1645.2,79,-2.0,9,46.37,33.3,19.2,87.1,255,4490,99,612.5,536.5,14.06,9,566,0,0,7811,70,288,,,2565,0,92543.2
2026-03-18T07:22:26.837,520.29,CL,93.3,71,-0.78,-1.56,2415.5,82,24.0,9,28.25,26.7,11.4,81.2,255,4490,99,619.7,540.6,14.13,9,569,0,0,7811,45,288,,,2843,0,92543.2
2026-03-18T07:22:29.270,522.73,CL,53.3,72,-0.78,-2.34,2033.5,82,14.0,9,31.7,30.2,25.1,82.0,255,4490,99,632.5,543.0,14.11,9,571,0,0,7811,50,288,,,2541,0,92543.3
2026-03-18T07:22:31.650,525.1,CL,51.8,72,-3.12,-1.56,1696.0,85,25.5,9,16.59,25.1,47.5,86.7,255,4490,99,638.3,544.2,14.11,9,573,0,0,7811,50,288,,,3092,0,92543.4
2026-03-18T07:22:34.006,527.46,CL,58.0,72,0.78,-1.56,1699.0,86,20.0,9,6.75,19.2,55.3,86.3,255,4490,99,640.7,544.4,14.13,9,576,0,0,7811,20,288,,,1401,0,92543.4
2026-03-18T07:22:36.470,529.92,CL,20.8,73,10.94,-0.78,1380.2,86,30.0,9,4.31,16.9,0.0,83.1,255,4490,99,640.0,543.2,14.14,9,578,0,0,7811,0,288,,,975,0,92543.5
2026-03-18T07:22:38.843,532.3,OL-Drive,17.3,72,0.0,-0.78,1310.8,83,30.0,9,4.75,17.3,0.0,84.7,255,4490,99,633.7,541.7,14.12,9,581,0,0,7811,0,288,,,975,0,92543.5
2026-03-18T07:22:41.285,534.74,OL-Drive,17.6,72,0.0,-0.78,1253.0,80,30.0,9,4.7,16.9,0.0,81.6,255,4490,99,614.7,539.9,14.15,9,583,0,0,7811,0,288,,,935,0,92543.6
2026-03-18T07:22:43.607,537.06,OL-Drive,17.3,71,0.0,-0.78,1240.5,72,30.0,10,4.53,17.3,0.0,80.8,255,4490,99,591.4,537.7,14.13,10,585,0,0,7811,0,288,,,944,0,92543.6
2026-03-18T07:22:46.057,539.51,OL-Drive,17.3,70,0.0,-0.78,1055.2,55,30.0,10,3.73,16.5,0.0,80.0,255,4490,99,555.6,534.0,14.14,10,588,0,0,7811,0,288,,,905,0,92543.6
2026-03-18T07:22:48.432,541.89,OL-Drive,16.1,70,0.0,-0.78,1064.0,37,14.5,10,3.46,16.1,0.0,82.0,255,4490,99,538.6,531.6,14.11,10,590,0,0,7811,5,288,,,909,0,92543.7
2026-03-18T07:22:50.853,544.31,CL,18.0,69,0.0,-0.78,884.2,21,4.0,10,5.21,17.6,0.0,82.4,255,4490,99,527.5,529.6,14.09,10,593,0,0,7811,15,288,,,1457,0,92543.7
2026-03-18T07:22:53.258,546.71,CL,30.2,69,7.03,-0.78,724.0,5,-3.0,10,4.26,16.9,18.4,83.1,255,4490,99,517.8,526.7,14.11,10,595,0,0,7811,15,288,,,1426,0,92543.7
2026-03-18T07:22:55.514,548.97,CL,29.4,68,5.47,-0.78,717.8,3,-3.0,10,3.96,16.5,18.0,84.3,255,4490,99,514.1,524.9,14.07,10,597,0,0,7811,15,288,,,1411,0,92543.7
2026-03-18T07:22:57.918,551.37,CL,29.8,68,1.56,-0.78,711.5,0,-3.0,10,4.01,16.5,17.6,86.7,255,4490,99,511.4,523.1,14.08,10,599,0,0,7812,15,288,,,1414,0,92543.7
2026-03-18T07:23:00.303,553.76,CL,29.0,67,3.12,-0.78,707.0,0,-3.0,10,4.03,16.5,17.6,86.7,255,4490,99,509.4,521.4,14.09,10,602,0,0,7812,15,288,,,1386,0,92543.7
2026-03-18T07:23:02.606,556.06,CL,29.4,67,-0.78,-0.78,703.0,0,-3.0,10,4.07,16.5,18.0,86.7,255,4490,99,507.2,518.8,14.08,10,604,0,0,7812,15,288,,,1432,0,92543.7
2026-03-18T07:23:04.995,558.45,CL,29.8,66,-1.56,-0.78,697.5,0,-2.0,10,3.98,16.5,17.6,86.7,255,4490,99,506.0,517.1,14.09,10,606,0,0,7812,15,288,,,1400,0,92543.7
2026-03-18T07:23:07.395,560.85,CL,29.8,66,-1.56,-0.78,692.0,0,-3.0,10,4.01,16.5,17.6,86.7,255,4490,99,505.0,515.5,14.09,10,609,0,0,7812,15,288,,,1428,0,92543.7
2026-03-18T07:23:09.772,563.23,CL,29.8,66,-0.78,-0.78,695.2,0,-2.5,10,3.96,16.5,17.6,86.7,255,4490,99,503.9,513.8,14.09,10,611,0,0,7812,15,288,,,1401,0,92543.7
2026-03-18T07:23:12.161,565.62,CL,29.4,66,-0.78,-0.78,692.0,0,-2.5,10,3.96,16.5,17.6,86.7,255,4490,99,502.5,511.4,14.09,10,613,0,0,7812,15,288,,,1395,0,92543.7
2026-03-18T07:23:14.478,567.93,CL,29.4,66,-0.78,-0.78,692.0,0,-2.0,10,3.93,16.5,17.3,86.7,255,4490,99,501.7,509.8,14.1,10,615,0,0,7812,15,288,,,1416,0,92543.7
2026-03-18T07:23:16.887,570.34,CL,29.4,65,1.56,-0.78,700.8,0,-3.0,10,3.98,16.5,17.6,86.7,255,4490,99,500.8,508.2,14.1,10,618,0,0,7812,15,288,,,1391,0,92543.7
2026-03-18T07:23:19.277,572.73,CL,29.4,65,1.56,-0.78,696.8,0,-2.5,10,3.85,16.5,17.3,86.7,255,4490,99,500.0,505.9,14.09,10,620,0,0,7812,15,288,,,1380,0,92543.7
2026-03-18T07:23:21.601,575.06,CL,29.0,65,0.78,-0.78,695.2,0,-2.0,10,3.71,16.5,17.3,86.7,255,4490,99,498.7,504.3,14.09,10,622,0,0,7812,15,288,,,1363,0,92543.7
2026-03-18T07:23:23.860,577.31,CL,29.0,65,1.56,-0.78,690.5,0,-1.5,10,3.82,16.5,17.3,86.7,255,4490,99,497.9,502.8,14.09,10,625,0,0,7812,15,288,,,1402,0,92543.7
2026-03-18T07:23:26.270,579.72,CL,29.0,65,2.34,-0.78,691.2,0,-2.5,10,3.89,16.5,17.3,86.7,255,4490,99,497.1,501.3,14.09,10,627,0,0,7812,15,288,,,1386,0,92543.7
2026-03-18T07:23:28.605,582.06,CL,29.0,64,1.56,-0.78,692.0,0,-2.5,10,3.81,16.5,17.3,86.7,255,4490,99,496.3,499.8,14.1,10,630,0,0,7812,15,288,,,1398,0,92543.7
2026-03-18T07:23:30.901,584.36,CL,29.4,64,2.34,-0.78,692.0,0,-2.0,10,3.81,16.5,16.9,84.7,255,4490,99,495.5,497.6,14.1,10,632,0,0,7812,15,288,,,1373,0,92543.7
2026-03-18T07:23:33.207,586.66,CL,29.0,64,2.34,-0.78,699.0,0,-2.0,10,3.95,16.5,17.6,85.9,255,4490,99,494.4,496.1,14.11,10,634,0,0,7812,35,288,,,2385,0,92543.7
2026-03-18T07:23:35.650,589.1,CL,44.7,64,-3.12,0.0,1657.0,10,19.0,10,17.28,22.4,69.0,82.4,255,4490,99,497.7,495.5,14.12,10,637,0,0,7812,45,288,,,2713,0,92543.7
2026-03-18T07:23:37.959,591.41,CL,72.2,63,0.78,-1.56,1801.5,19,9.0,10,25.9,25.5,76.5,80.8,255,4490,99,513.1,497.2,14.12,10,639,0,0,7812,53,288,,,2698,0,92543.7
2026-03-18T07:23:40.160,593.61,CL,62.7,64,-0.78,-3.12,1711.5,32,2.5,10,30.42,31.4,100.0,84.7,255,4490,99,540.8,501.9,14.12,10,641,0,0,7812,65,288,,,2640,0,92543.7
2026-03-18T07:23:42.455,595.91,CL,78.4,65,0.0,-1.56,2234.2,44,8.0,10,34.46,27.8,82.4,82.7,255,4490,99,593.6,512.4,14.12,10,643,0,0,7812,61,288,,,2405,0,92543.8
2026-03-18T07:23:44.838,598.29,CL,67.8,65,1.56,-1.56,2693.8,55,13.5,10,32.7,26.7,71.8,83.9,255,4490,99,628.0,520.6,14.13,10,646,0,0,7812,73,288,,,2560,0,92543.8
2026-03-18T07:23:47.299,600.75,CL,82.0,65,2.34,-1.56,2294.5,63,8.5,10,31.03,27.8,74.1,84.3,255,4490,99,656.4,528.9,14.11,10,648,0,0,7812,55,288,,,2356,0,92543.8
2026-03-18T07:23:49.605,603.06,CL,62.4,67,-0.78,-1.56,2501.5,69,13.5,10,30.26,26.3,88.2,85.9,255,4490,99,675.5,536.1,14.11,10,650,0,0,7812,62,288,,,2455,0,92543.9
2026-03-18T07:23:52.027,605.48,CL,71.8,67,-1.56,-1.56,2267.0,74,12.5,10,29.51,25.9,73.7,84.7,255,4491,99,691.3,545.1,14.12,10,653,0,0,7812,52,288,,,2247,0,92543.9
2026-03-18T07:23:54.319,607.77,CL,65.1,68,-0.78,-1.56,2371.8,79,-2.5,10,30.06,25.1,84.3,86.7,255,4491,99,694.8,549.8,14.11,10,655,0,0,7812,57,288,,,2664,0,92544.0
2026-03-18T07:23:56.576,610.03,CL,75.7,69,-0.78,-1.56,2040.5,84,13.0,10,25.7,26.3,72.9,86.7,255,4491,99,695.6,553.8,14.12,10,657,0,0,7812,50,288,,,1971,0,92544.0
2026-03-18T07:23:58.957,612.41,CL,54.9,69,-1.56,2.34,1673.2,85,27.5,10,4.51,16.9,25.5,86.7,255,4491,99,693.9,555.8,14.14,10,660,0,0,7813,15,288,,,2368,0,92544.1
2026-03-18T07:24:01.283,614.74,OL,39.6,70,0.78,0.0,1381.2,85,14.5,10,14.45,22.7,0.0,87.1,255,4491,99,690.6,555.5,14.13,10,662,0,0,7813,19,288,,,1204,0,92544.1
2026-03-18T07:24:03.692,617.15,OL-Drive,22.4,70,0.0,-0.78,1344.5,84,30.0,10,4.04,16.5,0.0,86.3,255,4491,99,684.3,554.4,14.14,10,664,0,0,7813,13,288,,,1603,0,92544.2
2026-03-18T07:24:06.050,619.5,CL,20.0,70,-4.69,-0.78,1312.5,81,19.0,10,8.79,19.6,0.0,85.1,255,4491,99,680.0,552.8,14.12,10,667,0,0,7813,22,288,,,1713,0,92544.3
2026-03-18T07:24:08.367,621.82,CL,32.5,70,0.0,-0.78,1260.8,78,30.0,10,3.64,16.1,0.0,83.5,255,4491,99,675.7,551.2,14.15,10,669,0,0,7813,0,288,,,903,0,92544.3
2026-03-18T07:24:10.825,624.28,OL-Drive,17.3,70,0.0,-0.78,1415.5,75,30.0,10,5.17,17.3,0.0,81.2,255,4491,99,666.7,548.2,14.13,10,671,0,0,7813,0,288,,,954,0,92544.4
2026-03-18T07:24:13.128,626.58,OL-Drive,17.3,70,0.0,-0.78,1307.8,71,30.0,10,3.85,16.5,0.0,80.4,255,4491,99,632.4,545.8,14.15,10,673,0,0,7813,0,288,,,791,0,92544.4
2026-03-18T07:24:15.392,628.85,OL-Drive,14.1,69,0.0,-0.78,1121.0,63,30.0,10,3.31,16.1,0.0,82.0,255,4491,99,609.4,543.2,14.13,10,676,0,0,7813,0,288,,,812,0,92544.4
2026-03-18T07:24:17.739,631.19,OL-Drive,14.1,69,0.0,-0.78,1045.2,50,30.0,10,3.43,16.1,0.0,82.4,255,4491,99,587.7,540.5,14.15,10,678,0,0,7813,0,288,,,825,0,92544.5
2026-03-18T07:24:20.146,633.6,OL-Drive,14.9,68,0.0,-0.78,1153.0,36,14.5,10,3.32,16.1,0.0,86.7,255,4491,99,569.1,537.9,14.11,10,680,0,0,7813,3,288,,,781,0,92544.5
2026-03-18T07:24:22.427,635.88,CL,14.9,68,0.0,-0.78,1071.0,26,17.5,10,3.37,16.1,0.0,87.1,255,4491,99,552.5,534.6,14.12,10,683,0,0,7813,6,288,,,946,0,92544.5
2026-03-18T07:24:24.866,638.32,CL,17.6,67,-0.78,-0.78,917.0,21,6.0,10,3.75,16.9,12.2,83.5,255,4491,99,545.8,532.7,14.1,10,685,0,0,7813,13,288,,,1251,0,92544.5
2026-03-18T07:24:27.308,640.76,CL,24.7,66,7.81,-0.78,772.5,11,0.5,10,4.34,16.9,14.9,85.5,255,4491,99,541.1,530.8,14.08,10,687,0,0,7813,15,288,,,1371,0,92544.5
2026-03-18T07:24:29.682,643.14,CL,29.0,66,3.91,-0.78,722.5,4,-2.5,10,4.07,16.5,17.3,86.3,255,4491,99,536.4,528.2,14.11,10,689,0,0,7813,15,288,,,1368,0,92544.5
2026-03-18T07:24:32.003,645.46,CL,29.4,66,1.56,-0.78,722.5,3,-2.5,10,4.09,16.5,18.0,84.3,255,4491,99,534.1,526.4,14.08,10,692,0,0,7813,15,288,,,1366,0,92544.5
2026-03-18T07:24:34.434,647.89,CL,29.0,66,-0.78,-0.78,719.5,0,-2.5,10,4.0,16.5,18.0,86.7,255,4491,99,532.2,524.6,14.09,11,694,0,0,7813,15,288,,,1390,0,92544.5
2026-03-18T07:24:36.776,650.23,CL,29.4,66,-3.91,-0.78,707.0,0,-2.0,10,4.09,16.5,18.0,85.5,255,4491,99,530.5,522.9,14.09,10,696,0,0,7813,15,288,,,1386,0,92544.5
2026-03-18T07:24:39.069,652.52,CL,29.8,66,-3.12,-0.78,709.2,0,-3.5,11,4.03,16.5,18.0,85.9,255,4491,99,528.3,520.3,14.08,10,699,0,0,7813,15,288,,,1397,0,92544.5
2026-03-18T07:24:41.439,654.89,CL,29.4,65,-3.12,-0.78,707.0,0,-3.5,11,4.04,16.5,18.0,86.3,255,4491,99,526.9,518.6,14.08,11,701,0,0,7813,15,288,,,1390,0,92544.5
2026-03-18T07:24:43.671,657.13,CL,29.8,65,-3.91,-0.78,700.8,0,-3.0,10,4.03,16.5,17.6,86.3,255,4491,99,525.6,516.9,14.08,11,704,0,0,7813,15,288,,,1418,0,92544.5
2026-03-18T07:24:46.061,659.52,CL,29.4,65,-3.12,-0.78,695.2,0,-2.5,10,3.82,16.5,17.6,86.7,255,4491,99,524.4,515.3,14.07,10,706,0,0,7813,15,288,,,1390,0,92544.5
2026-03-18T07:24:48.403,661.86,CL,29.4,65,-2.34,-0.78,696.8,0,-2.5,10,3.92,16.5,17.6,86.7,255,4491,99,523.1,513.7,14.09,10,708,0,0,7813,15,288,,,1372,0,92544.5
2026-03-18T07:24:50.718,664.17,CL,29.4,65,0.0,-0.78,698.2,0,-2.5,10,4.0,16.5,17.6,86.7,255,4491,99,521.4,511.2,14.09,11,710,0,0,7813,15,288,,,1377,0,92544.5
2026-03-18T07:24:53.032,666.49,CL,29.0,65,0.0,-0.78,700.0,0,-2.5,11,3.89,16.5,17.6,82.7,255,4491,99,520.2,509.6,14.09,11,713,0,0,7813,15,288,,,1471,0,92544.5
2026-03-18T07:24:55.324,668.78,CL,29.4,64,-0.78,1.56,1235.8,0,17.5,11,12.04,22.4,76.5,78.4,255,4491,99,520.1,508.3,14.1,11,715,0,0,7813,49,288,,,2295,0,92544.5
2026-03-18T07:24:57.704,671.16,CL,58.4,64,-2.34,-1.56,2346.0,14,-7.0,11,29.79,26.7,91.0,80.8,255,4491,99,530.7,509.2,14.13,11,717,0,0,7814,64,288,,,2513,0,92544.5
2026-03-18T07:25:00.147,673.6,CL,69.0,64,-1.56,-1.56,2378.8,28,8.0,11,37.65,27.5,77.6,78.4,255,4491,99,573.0,516.6,14.1,11,720,0,0,7814,37,288,,,2901,0,92544.6
2026-03-18T07:25:02.488,675.94,CL,87.1,65,0.78,-3.12,2096.8,41,4.0,11,38.78,30.2,100.0,80.4,255,4491,99,610.0,524.3,14.1,11,722,0,0,7814,79,288,,,3046,0,92544.6
2026-03-18T07:25:04.794,678.25,CL,99.6,65,-1.56,-3.12,2670.2,53,4.0,11,41.32,29.0,78.8,80.0,255,4491,99,661.6,536.3,14.12,11,724,0,0,7814,58,288,,,2475,0,92544.6
2026-03-18T07:25:07.234,680.69,CL,68.2,66,-1.56,-3.12,2347.5,62,0.5,11,45.76,33.7,94.5,78.0,255,4491,99,702.3,548.7,14.12,11,726,0,0,7814,70,288,,,2653,0,92544.7
2026-03-18T07:25:09.585,683.04,CL,75.7,68,0.78,-1.56,2578.8,72,10.5,11,38.03,28.6,78.0,85.9,255,4491,99,735.2,565.5,14.11,11,729,0,0,7814,57,288,,,2350,0,92544.7
2026-03-18T07:25:11.973,685.43,CL,66.7,68,-1.56,-1.56,2344.5,76,9.5,11,32.81,27.5,76.9,85.5,255,4491,99,740.3,573.3,14.1,11,731,0,0,7814,53,288,,,2323,0,92544.8
2026-03-18T07:25:14.336,687.79,CL,62.7,70,-0.78,-1.56,2455.2,81,13.5,11,32.17,27.1,74.9,85.5,255,4491,99,737.4,578.5,14.11,11,734,0,0,7814,41,288,,,2976,0,92544.8
2026-03-18T07:25:16.680,690.13,CL,69.0,71,0.78,-1.56,2099.0,85,21.5,11,23.98,26.3,100.0,85.1,255,4491,99,730.8,582.0,14.12,11,736,0,0,7814,42,288,,,2437,0,92544.9
2026-03-18T07:25:19.038,692.49,CL,47.1,71,0.0,-1.56,1740.5,88,27.5,11,16.01,23.5,85.9,86.7,255,4492,99,719.1,582.5,14.14,11,738,0,0,7814,30,288,,,2021,0,92544.9
2026-03-18T07:25:21.351,694.81,CL,45.9,71,-5.47,2.34,1464.0,90,19.0,11,16.1,22.4,0.0,87.1,255,4492,99,711.7,581.1,14.12,11,740,0,0,7814,39,288,,,2492,0,92545.0
2026-03-18T07:25:23.582,697.04,CL,40.8,72,-0.78,3.12,1465.5,90,28.0,11,11.81,21.2,0.0,86.7,255,4492,99,704.9,579.1,14.1,11,742,0,0,7814,26,288,,,2400,0,92545.0
2026-03-18T07:25:25.789,699.24,CL,34.9,72,1.56,1.56,1453.8,89,26.5,11,12.95,22.0,75.7,86.7,255,4492,99,698.7,576.9,14.09,11,745,0,0,7814,26,288,,,2143,0,92545.1
2026-03-18T07:25:28.111,701.57,CL,31.8,72,0.78,0.78,1443.8,88,31.5,11,7.0,18.0,46.7,87.1,255,4492,99,692.9,574.6,14.09,11,747,0,0,7814,17,288,,,1615,0,92545.1
2026-03-18T07:25:30.439,703.89,CL,25.5,72,-1.56,1.56,1420.2,88,31.5,11,3.68,16.1,40.8,87.1,255,4492,99,687.6,572.4,14.12,11,749,0,0,7814,8,288,,,998,0,92545.2
2026-03-18T07:25:32.742,706.2,CL,16.9,72,-3.12,1.56,1389.8,85,29.5,11,7.6,16.9,62.7,83.1,255,4492,99,680.4,569.1,14.1,11,752,0,0,7814,21,288,,,2023,0,92545.3
2026-03-18T07:25:34.940,708.4,CL,29.4,72,1.56,2.34,1367.8,84,31.0,11,6.9,18.0,68.6,82.7,255,4492,99,675.8,566.9,14.11,11,754,0,0,7814,22,288,,,2120,0,92545.3
2026-03-18T07:25:37.335,710.79,CL,31.0,72,0.78,0.78,1346.8,83,32.0,11,12.15,23.1,93.7,83.9,255,4492,99,671.5,564.9,14.08,11,756,0,0,7814,33,288,,,2333,0,92545.5
2026-03-18T07:25:39.693,713.15,CL,33.3,71,0.0,1.56,1337.5,82,32.0,11,3.4,18.8,45.9,85.1,255,4492,99,667.2,562.9,14.12,11,759,0,0,7814,4,288,,,956,0,92545.5
2026-03-18T07:25:42.058,715.51,OL-Drive,15.7,71,0.0,1.56,1293.8,81,29.0,11,4.46,16.9,0.0,83.1,255,4492,99,663.1,559.8,14.12,11,761,0,0,7814,6,288,,,876,0,92545.6
2026-03-18T07:25:44.264,717.72,OL-Drive,15.7,71,0.0,-0.78,1246.0,78,30.0,11,3.64,16.5,0.0,81.2,255,4492,99,657.6,557.8,14.15,11,763,0,0,7814,0,288,,,902,0,92545.6
2026-03-18T07:25:46.576,720.03,OL-Drive,16.9,71,0.0,-0.78,1425.0,74,30.0,11,5.34,17.3,0.0,81.2,255,4492,99,641.0,555.5,14.13,11,765,0,0,7814,0,288,,,932,0,92545.7
2026-03-18T07:25:48.925,722.38,OL-Drive,17.3,70,0.0,-0.78,1342.8,72,30.0,11,4.79,17.3,0.0,82.7,255,4492,99,616.2,552.8,14.13,11,767,0,0,7814,0,288,,,931,0,92545.7
2026-03-18T07:25:51.330,724.78,OL-Drive,16.9,70,0.0,-0.78,1238.2,67,30.0,11,4.34,16.9,0.0,78.0,255,4492,99,589.7,548.3,14.13,11,770,0,0,7814,0,288,,,816,0,92545.8
2026-03-18T07:25:53.659,727.11,OL-Drive,14.1,69,0.0,-0.78,1259.2,57,30.0,11,3.62,16.5,0.0,81.2,255,4492,99,553.3,545.1,14.14,11,772,0,0,7814,0,288,,,831,0,92545.8
2026-03-18T07:25:55.993,729.45,OL-Drive,14.5,68,0.0,-0.78,1207.8,45,30.0,11,3.5,16.1,0.0,77.6,255,4492,99,532.4,541.9,14.14,11,774,0,0,7814,0,288,,,789,0,92545.8
2026-03-18T07:25:58.328,731.78,OL-Drive,14.1,68,0.0,-0.78,1025.8,33,17.5,11,3.54,16.5,0.0,73.7,255,4492,99,514.7,538.8,14.11,11,777,0,0,7815,4,288,,,838,0,92545.8
2026-03-18T07:26:00.619,734.07,CL,15.3,68,1.56,-0.78,989.0,24,15.5,11,3.64,16.5,0.0,78.8,255,4492,99,503.2,536.3,14.1,11,779,0,0,7815,11,288,,,1207,0,92545.9
2026-03-18T07:26:02.969,736.42,CL,22.7,67,1.56,-0.78,778.0,15,-2.5,11,4.03,16.5,13.7,78.0,255,4492,99,493.2,533.1,14.06,11,782,0,0,7815,15,288,,,1398,0,92545.9
2026-03-18T07:26:05.312,738.77,CL,29.4,67,6.25,-0.78,738.2,4,-4.0,11,4.25,16.9,16.1,81.6,255,4492,99,489.4,531.1,14.1,11,784,0,0,7815,15,288,,,1381,0,92545.9
2026-03-18T07:26:07.688,741.14,CL,29.4,66,0.78,-0.78,722.5,3,-3.0,11,4.04,16.5,17.6,82.4,255,4492,99,487.0,529.2,14.06,11,786,0,0,7815,15,288,,,1366,0,92545.9
2026-03-18T07:26:10.032,743.49,CL,29.0,67,-3.91,-0.78,717.0,0,-1.5,11,4.17,16.5,18.0,82.0,255,4492,99,485.3,527.4,14.09,11,788,0,0,7815,15,288,,,1372,0,92545.9
2026-03-18T07:26:12.400,745.85,CL,29.8,66,-3.12,-0.78,717.8,0,-4.0,11,4.17,16.5,18.4,82.0,255,4492,99,484.1,524.7,14.07,11,790,0,0,7815,15,288,,,1381,0,92545.9
2026-03-18T07:26:14.681,748.14,CL,29.4,66,-3.12,-0.78,707.8,0,-2.5,11,3.85,16.5,18.0,82.0,255,4492,99,482.8,523.0,14.09,11,793,0,0,7815,15,288,,,1386,0,92545.9
2026-03-18T07:26:16.826,750.28,CL,29.8,66,-3.91,-0.78,707.0,0,-3.5,11,4.01,16.5,17.6,82.0,255,4492,99,482.1,521.2,14.1,11,795,0,0,7815,15,288,,,1400,0,92545.9
2026-03-18T07:26:19.133,752.59,CL,29.8,66,-3.12,-0.78,701.5,0,-2.5,11,3.93,16.5,17.6,82.0,255,4492,99,481.4,519.5,14.09,11,797,0,0,7815,15,288,,,1376,0,92545.9
2026-03-18T07:26:21.435,754.89,CL,29.8,66,-3.12,-0.78,700.0,0,-2.5,11,4.0,16.5,18.0,82.0,255,4492,99,480.8,517.8,14.08,11,800,0,0,7815,15,288,,,1405,0,92545.9
2026-03-18T07:26:23.879,757.33,CL,29.0,65,-0.78,-0.78,701.5,0,-2.5,11,3.79,16.5,17.3,82.0,255,4492,99,480.3,515.3,14.09,11,802,0,0,7815,15,288,,,1384,0,92545.9
2026-03-18T07:26:26.251,759.71,CL,28.6,66,0.0,-0.78,700.0,0,-1.5,11,3.87,16.5,17.3,82.0,255,4492,99,479.5,513.7,14.1,11,804,0,0,7815,15,288,,,1373,0,92545.9
2026-03-18T07:26:28.561,762.02,CL,28.6,65,0.0,-0.78,697.5,0,-2.0,11,3.85,16.5,17.3,82.0,255,4492,99,478.9,512.1,14.09,11,806,0,0,7815,15,288,,,1384,0,92545.9
2026-03-18T07:26:30.922,764.38,CL,28.6,65,0.0,-0.78,700.8,0,-2.0,11,3.92,16.5,17.3,82.0,255,4492,99,478.4,510.5,14.09,11,809,0,0,7815,15,288,,,1397,0,92545.9
2026-03-18T07:26:33.257,766.71,CL,28.6,65,0.0,-0.78,699.0,0,-3.0,11,3.85,16.5,17.3,82.0,255,4492,99,477.9,508.9,14.08,11,811,0,0,7815,15,288,,,1356,0,92545.9
2026-03-18T07:26:35.586,769.04,CL,29.0,65,-0.78,-0.78,696.0,0,-2.5,11,3.81,16.5,17.3,82.0,255,4492,99,477.2,506.6,14.1,11,813,0,0,7815,15,288,,,1371,0,92545.9
2026-03-18T07:26:37.985,771.44,CL,29.0,65,-0.78,-0.78,699.0,0,-2.0,11,3.76,16.5,17.3,82.0,255,4492,99,476.7,505.0,14.1,11,815,0,0,7815,15,288,,,1391,0,92545.9
2026-03-18T07:26:40.311,773.77,CL,28.6,65,-3.12,-0.78,691.2,0,-2.0,11,3.75,16.5,17.3,86.3,255,4492,99,476.3,503.4,14.09,12,818,0,0,7815,18,288,,,2101,0,92545.9
2026-03-18T07:26:42.688,776.14,CL,43.1,65,-3.91,1.56,1300.0,3,20.5,11,8.73,20.8,72.9,83.5,255,4492,99,476.7,502.1,14.1,12,820,0,0,7815,41,288,,,2182,0,92545.9
2026-03-18T07:26:45.008,778.46,CL,49.4,65,-3.12,-1.56,2060.8,15,-6.0,11,23.31,25.1,81.2,79.2,255,4492,99,492.6,502.6,14.11,11,823,0,0,7815,59,288,,,2511,0,92545.9
2026-03-18T07:26:47.405,780.86,CL,64.7,65,-3.12,-1.56,2342.0,28,12.5,12,32.56,25.9,95.3,83.1,255,4492,99,519.7,506.3,14.12,11,825,0,0,7815,80,288,,,2690,0,92545.9
2026-03-18T07:26:49.771,783.23,CL,82.0,65,2.34,-3.12,2528.0,40,6.0,11,42.39,29.8,81.6,86.3,255,4492,99,581.7,516.1,14.1,11,828,0,0,7815,66,288,,,2574,0,92545.9
2026-03-18T07:26:52.173,785.63,CL,74.9,66,-1.56,-1.56,2571.8,52,13.0,11,41.35,27.5,83.1,85.9,255,4492,99,639.3,531.6,14.1,11,830,0,0,7815,46,288,,,2721,0,92546.0
2026-03-18T07:26:54.473,787.93,CL,60.4,67,0.78,-1.56,2179.5,60,11.5,12,28.73,27.8,76.1,85.9,255,4492,99,685.3,539.2,14.1,11,832,0,0,7815,62,288,,,2462,0,92546.0
2026-03-18T07:26:56.868,790.32,CL,67.8,68,-2.34,-1.56,2401.5,66,13.5,11,28.98,25.9,71.0,84.7,255,4493,99,698.5,545.5,14.09,12,835,0,0,7815,59,288,,,2492,0,92546.1
2026-03-18T07:26:59.164,792.62,CL,71.4,68,-3.12,-1.56,2148.2,72,13.0,11,25.82,24.7,70.6,86.3,255,4493,99,703.4,550.3,14.12,11,837,0,0,7816,55,288,,,2791,0,92546.1
2026-03-18T07:27:01.500,794.95,CL,54.1,69,-0.78,-1.56,1852.2,74,6.5,11,27.71,27.1,90.6,87.1,255,4493,99,702.8,553.2,14.1,11,839,0,0,7816,56,288,,,2736,0,92546.1
2026-03-18T07:27:03.763,797.22,CL,68.6,70,-0.78,-1.56,1922.5,78,17.0,11,16.12,25.9,79.2,83.9,255,4493,99,697.7,555.1,14.11,11,841,0,0,7816,54,288,,,1789,0,92546.2
2026-03-18T07:27:06.108,799.56,CL,67.1,71,-7.03,1.56,1564.0,81,24.0,11,4.23,16.9,0.0,82.0,255,4493,99,693.0,554.6,14.13,12,843,0,0,7816,45,288,,,2765,0,92546.2
2026-03-18T07:27:08.496,801.95,CL,42.7,71,0.0,-0.78,1554.5,79,26.5,11,13.79,23.1,0.0,84.7,255,4493,99,688.2,553.6,14.12,11,846,0,0,7816,14,288,,,1011,0,92546.3
2026-03-18T07:27:10.902,804.36,OL-Drive,21.2,71,0.0,1.56,1521.8,78,11.0,12,9.04,16.9,0.0,84.3,255,4493,99,683.3,552.3,14.12,11,848,0,0,7816,47,288,,,2800,0,92546.3
2026-03-18T07:27:13.136,806.59,CL,52.9,71,-0.78,-1.56,1520.2,78,20.0,11,17.14,27.1,34.5,85.9,255,4493,99,678.7,550.1,14.1,11,851,0,0,7816,55,288,,,3134,0,92546.4
2026-03-18T07:27:15.462,808.92,CL,94.9,72,0.78,-3.12,1979.5,78,1.5,11,23.0,25.5,43.5,82.0,255,4493,99,676.3,550.9,14.1,11,852,0,0,7816,48,288,,,2671,0,92546.4
2026-03-18T07:27:17.745,811.2,CL,48.2,71,-0.78,-1.56,1961.5,81,16.5,11,17.28,24.3,93.7,86.3,255,4493,99,674.6,550.9,14.05,11,855,0,0,7816,55,288,,,3043,0,92546.5
2026-03-18T07:27:20.059,813.51,CL,62.7,72,2.34,-1.56,1620.2,82,23.0,11,12.0,20.8,62.7,86.7,255,4493,99,671.9,550.4,14.09,11,857,0,0,7816,54,288,,,3068,0,92546.6
2026-03-18T07:27:22.434,815.89,CL,63.9,73,-0.78,-1.56,1648.2,83,7.0,11,25.98,35.7,100.0,85.1,255,4493,99,669.6,550.0,14.1,11,860,0,0,7816,54,288,,,3138,0,92546.6
2026-03-18T07:27:24.691,818.15,CL,70.6,73,-0.78,-1.56,1676.5,85,26.0,11,13.35,34.1,78.0,86.7,255,4493,99,667.5,549.2,14.11,11,862,0,0,7816,48,288,,,2923,0,92546.7
2026-03-18T07:27:27.135,820.59,CL,65.1,73,0.78,-1.56,1691.2,86,18.0,11,20.07,27.1,12.5,86.7,255,4493,99,663.5,548.4,14.13,11,864,0,0,7816,40,288,,,2853,0,92546.7
2026-03-18T07:27:29.461,822.92,CL,53.7,74,-0.78,-3.91,1709.2,86,22.5,11,21.34,25.5,70.6,86.3,255,4493,99,661.0,547.6,14.12,11,866,0,0,7816,12,288,,,991,0,92546.8
2026-03-18T07:27:31.878,825.33,OL-Drive,15.7,74,0.0,-0.78,1376.5,85,30.0,11,4.1,16.5,0.0,83.9,255,4493,99,658.2,546.4,14.13,11,869,0,0,7816,0,288,,,1006,0,92546.8
2026-03-18T07:27:34.254,827.71,OL-Drive,17.6,74,0.0,-0.78,1303.0,83,30.0,11,4.71,16.9,0.0,85.9,255,4493,99,645.5,544.1,14.11,11,871,0,0,7816,21,288,,,2668,0,92546.9
2026-03-18T07:27:36.573,830.03,CL,47.8,74,2.34,0.78,1300.0,80,20.5,11,20.57,31.8,0.0,86.3,255,4493,99,639.1,542.6,14.12,11,873,0,0,7816,75,288,,,2750,0,92546.9
2026-03-18T07:27:38.874,832.33,CL,93.3,73,0.0,-2.34,1603.0,81,7.5,11,24.46,27.8,48.2,84.7,255,4493,99,640.7,543.5,14.11,11,875,0,0,7816,57,288,,,2993,0,92547.0
2026-03-18T07:27:41.156,834.61,CL,71.0,73,-0.78,-1.56,1653.0,84,18.5,11,22.75,31.0,57.3,85.5,255,4494,99,643.0,544.1,14.12,11,878,0,0,7816,43,288,,,2621,0,92547.1
2026-03-18T07:27:43.582,837.04,CL,47.1,73,0.78,-0.78,1665.5,86,24.0,11,20.7,28.2,100.0,86.7,255,4494,99,644.0,544.1,14.11,11,880,0,0,7816,53,288,,,3140,0,92547.1
2026-03-18T07:27:45.869,839.32,CL,65.9,74,-1.56,-1.56,1702.2,87,25.0,11,18.39,26.3,100.0,86.7,255,4494,99,645.9,544.1,14.11,11,883,0,0,7816,27,288,,,1996,0,92547.2
2026-03-18T07:27:48.188,841.64,CL,38.4,74,-1.56,0.0,1467.8,88,27.0,11,12.14,22.4,92.2,86.7,255,4494,99,645.2,543.4,14.09,11,885,0,0,7816,32,288,,,2103,0,92547.2
2026-03-18T07:27:50.421,843.88,CL,35.3,75,2.34,0.0,1404.5,87,23.5,11,13.35,22.4,94.1,85.9,255,4494,99,643.4,542.3,14.09,11,887,0,0,7816,31,288,,,2791,0,92547.3
2026-03-18T07:27:52.762,846.22,CL,42.4,75,2.34,1.56,1383.5,85,27.5,11,19.01,31.8,100.0,85.9,255,4494,99,641.1,541.0,14.11,11,889,0,0,7816,50,288,,,2785,0,92547.3
2026-03-18T07:27:55.198,848.65,CL,61.6,75,0.0,-3.91,1685.8,85,14.5,11,18.37,23.9,71.0,86.3,255,4494,99,645.2,542.1,14.11,11,892,0,0,7816,35,288,,,2851,0,92547.4
2026-03-18T07:27:57.574,851.03,CL,57.3,75,0.0,-3.91,1421.8,87,17.0,11,16.76,26.3,100.0,86.7,255,4494,99,645.8,542.0,14.09,11,894,0,0,7816,52,288,,,2723,0,92547.4
2026-03-18T07:27:59.923,853.38,CL,56.5,75,2.34,-2.34,1424.0,86,20.5,11,16.82,25.1,0.0,86.7,255,4494,99,645.4,541.5,14.11,11,896,0,0,7817,42,288,,,2408,0,92547.5
2026-03-18T07:28:02.255,855.71,CL,32.9,75,-3.91,-0.78,1389.0,86,-8.0,11,3.71,16.9,0.0,85.5,255,4494,99,644.2,540.7,14.1,11,898,0,0,7817,34,288,,,2555,0,92547.6
2026-03-18T07:28:04.663,858.12,CL,49.0,75,-1.56,0.0,1376.5,86,5.0,11,21.95,33.3,46.7,85.5,255,4494,99,643.3,540.0,14.14,11,901,0,0,7817,65,288,,,3050,0,92547.6
2026-03-18T07:28:07.097,860.55,CL,76.1,75,-1.56,-1.56,1694.5,85,20.0,11,21.06,27.1,47.5,85.9,255,4494,99,646.0,540.9,14.12,11,904,0,0,7817,42,288,,,3046,0,92547.7
2026-03-18T07:28:09.425,862.88,CL,58.4,75,-1.56,-1.56,1710.0,87,23.5,11,19.28,25.9,100.0,86.3,255,4494,99,646.9,541.1,14.11,11,906,0,0,7817,32,288,,,2134,0,92547.7
2026-03-18T07:28:11.839,865.29,CL,33.3,76,0.0,1.56,1427.2,87,28.0,11,3.71,16.5,25.5,86.7,255,4494,99,646.5,540.2,14.12,11,908,0,0,7817,38,288,,,2872,0,92547.8
2026-03-18T07:28:14.260,867.71,CL,45.9,76,-2.34,-0.78,1382.0,85,20.0,11,14.43,25.5,0.0,86.3,255,4494,99,644.1,539.3,14.09,11,910,0,0,7817,62,288,,,3125,0,92547.8
2026-03-18T07:28:16.669,870.12,CL,94.1,76,-3.12,-3.12,1728.8,85,1.5,11,24.06,25.5,9.4,84.3,255,4494,99,644.8,539.3,14.11,11,913,0,0,7817,60,288,,,3103,0,92547.9
2026-03-18T07:28:18.998,872.45,CL,75.3,76,-1.56,-1.56,1721.0,87,17.5,11,24.92,30.6,100.0,86.3,255,4494,99,647.0,539.9,14.09,11,915,0,0,7817,56,288,,,2911,0,92547.9
2026-03-18T07:28:21.349,874.8,CL,69.0,76,-0.78,-1.56,1757.8,89,23.0,11,20.64,27.1,100.0,87.1,255,4494,99,650.5,541.7,14.1,11,917,0,0,7817,52,288,,,2752,0,92548.0
2026-03-18T07:28:23.707,877.16,CL,39.6,77,-2.34,1.56,1772.5,91,13.5,11,5.09,16.9,0.0,85.5,255,4495,99,652.6,541.9,14.14,11,920,0,0,7817,26,288,,,2286,0,92548.1
2026-03-18T07:28:26.022,879.48,CL,35.3,77,-0.78,2.34,1442.8,90,31.0,11,10.54,20.0,0.0,85.9,255,4495,99,651.1,541.1,14.09,11,922,0,0,7817,37,288,,,2680,0,92548.1
2026-03-18T07:28:28.274,881.73,CL,43.1,77,0.78,0.78,1446.8,89,26.5,11,12.48,22.0,80.4,86.7,255,4495,99,648.7,540.0,14.08,11,925,0,0,7817,52,288,,,3051,0,92548.2
2026-03-18T07:28:30.626,884.08,CL,63.5,77,0.0,-1.56,1459.2,88,11.5,11,14.06,24.3,100.0,85.1,255,4495,99,646.7,539.0,14.1,11,926,0,0,7817,50,288,,,2918,0,92548.2
2026-03-18T07:28:32.965,886.42,CL,63.5,76,0.78,-2.34,1489.0,91,-1.5,11,30.32,34.9,100.0,85.5,255,4495,99,646.4,538.9,14.12,11,929,0,0,7817,62,288,,,3062,0,92548.3
2026-03-18T07:28:35.276,888.73,CL,72.9,76,-0.78,-1.56,1814.0,91,23.0,11,21.45,30.2,100.0,85.5,255,4495,99,650.2,540.7,14.1,11,931,0,0,7817,40,288,,,3002,0,92548.4
2026-03-18T07:28:37.662,891.12,CL,61.6,77,0.0,-1.56,1845.2,94,14.0,11,23.53,34.1,100.0,85.9,255,4495,99,652.6,541.7,14.11,11,933,0,0,7817,48,288,,,2971,0,92548.4
2026-03-18T07:28:40.038,893.49,CL,56.9,77,1.56,-1.56,1860.8,94,18.5,11,23.35,28.2,100.0,85.9,255,4495,99,654.5,542.6,14.09,11,936,0,0,7817,53,288,,,2871,0,92548.5
2026-03-18T07:28:42.367,895.82,CL,58.0,77,-1.56,-1.56,1881.2,96,26.5,11,15.64,21.6,79.2,86.3,255,4495,99,656.2,543.4,14.1,11,938,0,0,7817,34,288,,,2248,0,92548.5
2026-03-18T07:28:44.661,898.12,CL,36.9,78,-0.78,-0.78,1861.5,96,16.0,11,5.92,17.6,0.0,83.9,255,4495,99,655.1,543.0,14.13,11,940,0,0,7817,36,288,,,2361,0,92548.6
2026-03-18T07:28:47.035,900.49,CL,40.4,78,-0.78,-0.78,1846.0,94,21.5,11,5.68,17.3,0.0,85.1,255,4495,99,653.1,542.1,14.14,11,943,0,0,7817,0,288,,,863,0,92548.7
2026-03-18T07:28:49.394,902.85,OL-Drive,14.9,78,0.0,-0.78,1481.2,92,-9.5,11,9.48,19.6,0.0,84.7,255,4495,99,650.3,540.7,14.11,11,945,0,0,7817,29,288,,,2729,0,92548.7
2026-03-18T07:28:51.815,905.27,CL,57.3,78,0.78,-3.12,1478.8,91,21.5,11,18.31,23.9,0.0,86.3,255,4495,99,646.5,538.9,14.11,11,947,0,0,7817,42,288,,,2673,0,92548.8
2026-03-18T07:28:54.197,907.65,CL,37.6,78,-1.56,-0.78,1467.8,90,30.0,11,8.35,18.8,0.0,86.3,255,4495,99,644.1,537.8,14.1,11,950,0,0,7817,53,288,,,2782,0,92548.8
2026-03-18T07:28:56.488,909.94,CL,59.6,78,-1.56,-3.91,1463.2,89,19.0,11,17.01,24.7,0.0,84.7,255,4495,99,642.2,536.8,14.11,11,952,0,0,7817,71,288,,,3074,0,92548.9
2026-03-18T07:28:58.777,912.23,CL,74.5,78,0.0,-1.56,1772.5,89,12.0,11,27.75,32.2,47.1,86.3,255,4495,99,644.7,537.9,14.11,10,954,0,0,7817,59,288,,,2933,0,92549.0
2026-03-18T07:29:01.187,914.64,CL,71.4,78,1.56,-1.56,1786.5,92,16.0,11,32.93,29.8,41.6,84.7,255,4495,99,653.5,541.6,14.09,11,957,0,0,7818,23,288,,,1201,0,92549.0
2026-03-18T07:29:03.576,917.03,CL,18.4,78,0.0,-0.78,1750.0,91,30.0,11,5.12,17.3,0.0,84.3,255,4496,99,654.6,542.0,14.12,11,959,0,0,7818,28,288,,,2100,0,92549.1
2026-03-18T07:29:05.969,919.42,CL,32.5,78,-0.78,-1.56,1711.5,88,27.5,11,15.75,21.2,73.7,86.7,255,4496,99,653.5,541.4,14.11,11,962,0,0,7818,16,288,,,1079,0,92549.1
2026-03-18T07:29:08.294,921.75,OL-Drive,16.9,78,0.0,1.56,1406.2,86,30.0,11,7.32,17.3,0.0,86.7,255,4496,99,651.1,540.4,14.12,11,963,0,0,7818,0,288,,,916,0,92549.2
2026-03-18T07:29:10.538,923.99,OL-Drive,14.9,78,0.0,1.56,1400.8,85,23.5,11,7.35,19.2,0.0,84.7,255,4496,99,648.3,539.1,14.09,11,966,0,0,7818,56,288,,,3073,0,92549.2
2026-03-18T07:29:12.837,926.29,CL,92.9,78,0.78,-2.34,1664.0,82,3.0,11,26.32,34.1,76.9,85.9,255,4496,99,647.7,538.7,14.12,11,968,0,0,7818,33,288,,,1393,0,92549.3
2026-03-18T07:29:15.280,928.73,CL,19.6,77,-10.94,1.56,1622.5,84,1.5,11,17.23,23.5,10.2,86.7,255,4496,99,647.3,538.6,14.11,11,970,0,0,7818,28,288,,,2169,0,92549.4
2026-03-18T07:29:17.734,931.19,CL,27.8,78,4.69,1.56,1345.2,84,10.0,11,3.79,16.1,0.0,86.3,255,4496,99,645.4,537.7,14.12,11,973,0,0,7818,0,288,,,954,0,92549.4
2026-03-18T07:29:20.064,933.52,OL-Drive,16.1,77,0.0,-0.78,1289.8,81,30.0,11,4.65,16.9,0.0,82.4,255,4496,99,637.3,535.7,14.13,11,975,0,0,7818,0,288,,,1035,0,92549.5
2026-03-18T07:29:22.471,935.93,OL-Drive,17.6,77,0.0,-0.78,1232.8,78,30.0,11,4.45,16.9,0.0,83.1,255,4496,99,618.6,533.9,14.13,11,977,0,0,7818,0,288,,,993,0,92549.5
2026-03-18T07:29:24.904,938.36,OL-Drive,17.6,76,0.0,1.56,1440.5,75,28.0,11,4.29,16.9,0.0,84.3,255,4496,99,598.7,531.8,14.12,11,980,0,0,7818,5,288,,,835,0,92549.6
2026-03-18T07:29:27.184,940.64,OL-Drive,16.1,76,0.0,-0.78,1385.8,73,30.0,11,4.23,16.5,0.0,83.1,255,4496,99,586.2,529.9,14.13,11,982,0,0,7818,0,288,,,1014,0,92549.6
2026-03-18T07:29:29.481,942.94,OL-Drive,17.6,76,0.0,-0.78,1298.2,69,30.0,11,4.75,16.9,0.0,85.5,255,4496,99,574.2,526.8,14.14,11,985,0,0,7818,0,288,,,988,0,92549.7
2026-03-18T07:29:31.911,945.37,OL-Drive,17.3,75,0.0,-0.78,1217.0,66,30.0,11,4.32,16.9,0.0,87.1,255,4496,99,543.7,524.4,14.13,11,987,0,0,7818,0,288,,,981,0,92549.7
2026-03-18T07:29:34.329,947.78,OL-Drive,17.3,75,0.0,-0.78,1166.2,61,30.0,11,5.0,17.3,0.0,85.1,255,4496,99,521.0,521.7,14.12,11,990,0,0,7818,63,288,,,3090,0,92549.7
2026-03-18T07:29:36.722,950.18,CL,85.5,74,3.91,-1.56,1774.0,58,17.5,11,20.65,24.7,72.5,85.5,255,4496,99,517.2,521.2,14.1,11,991,0,0,7818,43,288,,,2305,0,92549.8
2026-03-18T07:29:39.087,952.54,CL,47.5,73,6.25,2.34,1552.2,61,29.5,11,7.59,18.8,27.1,82.7,255,4496,99,526.1,521.4,14.13,11,994,0,0,7818,0,288,,,878,0,92549.8
2026-03-18T07:29:41.464,954.92,OL-Drive,15.3,74,0.0,-0.78,1424.0,60,30.0,11,5.17,17.3,0.0,78.8,255,4496,98,528.8,520.7,14.14,11,996,0,0,7818,0,288,,,971,0,92549.9
2026-03-18T07:29:43.765,957.22,OL-Drive,18.0,73,0.0,-0.78,1328.8,57,30.0,11,4.93,17.3,0.0,79.6,255,4496,99,518.6,519.5,14.13,11,999,0,0,7818,0,288,,,978,0,92549.9
2026-03-18T07:29:46.176,959.63,OL-Drive,17.3,73,0.0,-0.78,1186.5,54,30.0,11,4.23,16.9,0.0,77.3,255,4496,99,501.1,516.9,14.13,11,1001,0,0,7818,0,288,,,983,0,92549.9
2026-03-18T07:29:48.657,962.11,OL-Drive,17.3,73,0.0,-0.78,1128.0,43,30.0,11,3.42,16.9,0.0,76.1,255,4496,98,472.8,514.8,14.13,11,1003,0,0,7818,4,288,,,891,0,92550.0
2026-03-18T07:29:50.958,964.41,OL,15.7,72,-1.56,-0.78,1160.8,33,8.0,11,3.48,16.1,0.0,78.8,255,4496,99,459.5,512.9,14.1,11,1006,0,0,7818,6,288,,,943,0,92550.0
2026-03-18T07:29:53.315,966.77,CL,16.9,72,-0.78,-0.78,1000.8,23,15.0,11,3.92,16.5,9.0,81.6,255,4496,99,451.0,511.2,14.08,11,1008,0,0,7818,35,288,,,2935,0,92550.0
2026-03-18T07:29:55.709,969.16,CL,62.0,71,7.81,-1.56,1754.5,23,23.0,11,19.42,25.1,69.4,84.3,255,4496,99,452.7,510.2,14.11,11,1010,0,0,7818,47,288,,,3113,0,92550.0
2026-03-18T07:29:58.130,971.58,CL,56.5,71,1.56,-0.78,1546.8,31,24.0,11,21.28,29.8,100.0,69.4,255,4496,99,475.5,511.2,14.09,11,1013,0,0,7818,59,288,,,3080,0,92550.0
2026-03-18T07:30:00.430,973.88,CL,69.8,71,0.78,-1.56,1938.2,37,10.5,11,35.65,36.1,100.0,71.0,255,4497,99,507.5,514.6,14.12,11,1015,0,0,7818,61,288,,,2967,0,92550.0
2026-03-18T07:30:02.771,976.23,CL,75.7,72,0.78,-1.56,2523.2,48,17.5,11,35.25,31.0,83.5,76.5,255,4497,99,551.6,520.7,14.11,11,1017,0,0,7819,43,288,,,3060,0,92550.1
2026-03-18T07:30:05.126,978.58,CL,81.2,72,1.56,-1.56,2185.0,61,21.0,11,27.28,28.6,94.9,78.8,255,4497,99,613.7,531.2,14.1,11,1019,0,0,7819,48,288,,,2793,0,92550.1
2026-03-18T07:30:07.594,981.05,CL,69.0,73,0.78,-1.56,2080.2,65,13.5,11,30.4,31.4,72.5,80.0,255,4497,99,641.0,537.2,14.09,11,1022,0,0,7819,35,288,,,2378,0,92550.2
2026-03-18T07:30:10.006,983.46,CL,43.9,73,3.91,0.0,1757.0,72,27.5,11,15.12,22.0,0.0,86.7,255,4497,99,654.0,540.1,14.1,11,1024,0,0,7819,18,288,,,1354,0,92550.2
2026-03-18T07:30:12.508,985.96,CL,20.4,74,0.78,1.56,1446.0,75,29.5,11,4.43,16.5,27.1,79.2,255,4497,99,659.2,540.6,14.12,11,1027,0,0,7819,20,288,,,2093,0,92550.3
2026-03-18T07:30:14.919,988.37,CL,25.9,75,6.25,1.56,1482.0,74,29.5,11,3.7,16.5,35.3,78.0,255,4497,99,658.5,539.7,14.11,11,1030,0,0,7819,6,288,,,828,0,92550.3
2026-03-18T07:30:17.375,990.83,CL,13.7,75,0.0,1.56,1522.5,77,22.5,11,7.17,17.6,0.0,85.5,255,4497,99,656.6,538.4,14.12,11,1031,0,0,7819,12,288,,,1493,0,92550.4
2026-03-18T07:30:19.710,993.16,CL,28.2,75,0.0,1.56,1519.5,76,23.0,11,11.65,20.8,74.5,73.3,255,4497,99,653.7,536.9,14.11,11,1034,0,0,7819,68,288,,,2726,0,92550.4
2026-03-18T07:30:22.068,995.52,CL,53.3,75,-0.78,-1.56,1538.2,77,23.5,11,22.21,30.2,62.0,80.4,255,4497,99,650.5,535.6,14.11,11,1036,0,0,7819,55,288,,,3084,0,92550.5
2026-03-18T07:30:24.437,997.89,CL,68.6,75,0.0,-1.56,1554.5,79,20.0,11,19.87,27.1,69.8,83.1,255,4497,99,649.1,535.1,14.11,11,1038,0,0,7819,42,288,,,2840,0,92550.5
2026-03-18T07:30:26.694,1000.15,CL,54.5,75,3.91,-1.56,1521.8,78,24.0,11,17.82,24.7,0.0,81.6,255,4497,99,647.6,534.6,14.12,11,1041,0,0,7819,24,288,,,2501,0,92550.6
2026-03-18T07:30:29.028,1002.48,CL,46.7,75,-1.56,0.0,1494.5,77,25.0,11,3.93,16.5,32.5,82.4,255,4497,99,645.5,533.7,14.13,11,1043,0,0,7819,0,288,,,848,0,92550.6
2026-03-18T07:30:31.474,1004.93,OL-Drive,14.5,75,0.0,1.56,1421.0,75,21.5,11,14.62,16.9,0.0,71.4,255,4497,99,641.4,531.9,14.11,11,1046,0,0,7819,29,288,,,2526,0,92550.7
2026-03-18T07:30:33.856,1007.31,CL,47.1,75,1.56,0.78,1413.2,72,26.5,11,11.46,21.2,65.5,74.1,255,4497,99,638.7,530.7,14.1,11,1048,0,0,7819,54,288,,,2897,0,92550.7
2026-03-18T07:30:36.231,1009.69,CL,60.0,75,0.78,-0.78,1434.2,74,23.5,11,17.21,24.3,100.0,73.7,255,4497,99,637.0,529.9,14.11,11,1051,0,0,7819,65,288,,,3073,0,92550.8
2026-03-18T07:30:38.593,1012.05,CL,96.5,75,-1.56,-3.91,1853.0,75,1.0,11,34.53,32.5,18.8,76.1,255,4497,99,640.1,531.7,14.1,11,1052,0,0,7819,46,288,,,2823,0,92550.8
2026-03-18T07:30:40.988,1014.44,CL,56.1,75,0.0,-1.56,1885.0,76,20.5,11,27.59,32.2,73.7,83.5,255,4497,99,646.4,533.1,14.11,11,1055,0,0,7819,50,288,,,2958,0,92550.9
2026-03-18T07:30:43.382,1016.84,CL,55.7,75,-0.78,-1.56,1942.8,80,26.0,11,27.26,27.1,67.8,86.3,255,4497,99,650.3,534.6,14.09,11,1057,0,0,7819,52,288,,,2867,0,92550.9
2026-03-18T07:30:45.762,1019.22,CL,60.8,76,-0.78,-1.56,1994.5,82,27.0,11,21.03,25.1,95.3,86.3,255,4497,99,652.9,535.8,14.1,11,1059,0,0,7819,39,288,,,2937,0,92551.0
2026-03-18T07:30:48.132,1021.59,CL,71.4,76,0.0,-0.78,1635.0,83,18.5,11,12.23,20.0,48.6,85.5,255,4497,99,652.8,536.0,14.09,11,1062,0,0,7819,25,288,,,1729,0,92551.0
2026-03-18T07:30:50.558,1024.01,CL,26.3,77,0.0,-0.78,1349.0,84,-12.5,11,7.7,18.8,0.0,86.3,255,4498,99,650.8,535.2,14.12,11,1064,0,0,7819,0,288,,,1141,0,92551.1
2026-03-18T07:30:52.944,1026.4,OL-Drive,30.6,76,0.0,0.78,1322.5,81,20.0,11,8.57,23.1,0.0,86.3,255,4498,99,648.2,534.1,14.08,11,1066,0,0,7819,38,288,,,2761,0,92551.1
2026-03-18T07:30:55.269,1028.72,CL,45.9,77,1.56,1.56,1304.5,81,27.5,11,9.03,19.2,82.0,87.1,255,4498,99,645.3,532.8,14.1,11,1069,0,0,7819,31,288,,,2676,0,92551.2
2026-03-18T07:30:57.704,1031.16,CL,38.4,77,2.34,0.78,1271.8,78,14.5,11,3.76,16.1,25.9,86.7,255,4498,99,640.8,530.9,14.1,11,1072,0,0,7819,0,288,,,933,0,92551.2
2026-03-18T07:31:00.096,1033.55,OL-Drive,16.5,77,0.0,1.56,1440.5,75,28.5,11,9.35,19.2,0.0,87.1,255,4498,99,637.7,529.4,14.12,11,1074,0,0,7819,8,288,,,893,0,92551.3
2026-03-18T07:31:02.590,1036.04,OL-Drive,18.0,76,0.0,-0.78,1327.2,70,30.0,11,3.89,16.5,0.0,83.9,255,4498,99,634.6,527.9,14.12,11,1076,0,0,7820,0,288,,,1014,0,92551.3
2026-03-18T07:31:05.027,1038.48,OL-Drive,17.3,76,0.0,-0.78,1206.2,65,30.0,11,4.25,16.9,0.0,86.3,255,4498,99,618.3,525.2,14.13,11,1078,0,0,7820,0,288,,,1048,0,92551.4
2026-03-18T07:31:07.381,1040.84,OL-Drive,18.8,75,0.0,-0.78,1234.2,57,30.0,11,4.4,16.9,0.0,82.7,255,4498,98,594.3,522.9,14.12,11,1081,0,0,7820,0,288,,,1010,0,92551.4
2026-03-18T07:31:09.853,1043.31,OL-Drive,17.3,75,0.0,-0.78,1039.8,41,30.0,11,3.43,16.1,0.0,79.2,255,4498,98,570.0,520.4,14.12,11,1083,0,0,7820,3,288,,,878,0,92551.4
2026-03-18T07:31:12.276,1045.73,CL,14.9,75,-4.69,-0.78,1025.0,27,18.0,11,4.59,16.9,0.0,79.2,255,4498,99,546.6,517.1,14.1,11,1086,0,0,7820,14,288,,,1313,0,92551.5
2026-03-18T07:31:14.725,1048.18,CL,27.5,74,0.0,2.34,689.8,12,-3.0,11,4.59,16.9,0.0,83.5,255,4498,99,537.7,515.2,14.1,11,1088,0,0,7820,15,288,,,1355,0,92551.5
2026-03-18T07:31:17.160,1050.61,CL,29.0,74,0.0,2.34,704.5,3,-4.5,11,4.23,16.9,0.0,86.7,255,4498,99,531.9,513.4,14.09,11,1090,0,0,7820,14,288,,,1361,0,92551.5
2026-03-18T07:31:19.640,1053.09,CL,29.0,73,-3.91,-0.78,681.2,0,-3.5,11,3.75,16.5,13.7,86.7,255,4498,99,526.3,510.8,14.12,11,1093,0,0,7820,14,288,,,1306,0,92551.5
2026-03-18T07:31:22.085,1055.54,CL,27.5,73,-0.78,-0.78,694.5,0,7.0,11,11.75,21.6,33.7,83.9,255,4498,99,524.1,509.3,14.11,11,1095,0,0,7820,37,288,,,2633,0,92551.5
2026-03-18T07:31:24.511,1057.97,CL,43.1,73,2.34,-1.56,1938.2,8,26.0,11,18.31,25.5,72.9,78.8,255,4498,99,526.6,508.6,14.16,11,1098,0,0,7820,33,288,,,1884,0,92551.5
2026-03-18T07:31:26.932,1060.39,CL,26.7,74,3.91,1.56,1550.8,21,33.0,11,4.6,17.6,43.5,74.9,255,4498,99,531.3,508.0,14.11,11,1100,0,0,7820,22,288,,,2236,0,92551.5
2026-03-18T07:31:29.281,1062.74,CL,37.6,74,4.69,-0.78,1628.8,21,27.5,11,15.62,22.7,86.3,76.5,255,4498,98,536.3,507.6,14.14,11,1103,0,0,7820,47,288,,,2715,0,92551.5
2026-03-18T07:31:31.643,1065.1,CL,60.8,75,0.0,-1.56,1715.5,28,19.0,11,21.6,29.4,69.8,84.7,255,4498,99,545.5,508.3,14.15,11,1105,0,0,7820,54,288,,,3009,0,92551.5
2026-03-18T07:31:34.104,1067.56,CL,62.7,75,0.0,-1.56,1759.2,35,25.0,11,19.79,26.3,100.0,80.4,255,4498,98,556.0,509.4,14.14,11,1107,0,0,7820,41,288,,,2557,0,92551.5
2026-03-18T07:31:36.504,1069.96,CL,46.7,75,2.34,-0.78,1494.5,40,24.0,11,15.93,24.7,90.6,84.7,255,4498,98,568.9,510.7,14.15,11,1110,0,0,7820,42,288,,,2765,0,92551.6
2026-03-18T07:31:38.879,1072.33,CL,49.4,76,-0.78,-0.78,1617.0,44,26.5,11,14.59,22.7,91.0,78.4,255,4498,99,574.9,511.2,14.15,11,1112,0,0,7820,38,288,,,2528,0,92551.6
2026-03-18T07:31:41.287,1074.74,CL,46.7,76,0.78,0.0,1785.0,50,24.5,11,11.48,20.0,50.6,76.5,255,4498,98,579.5,511.5,14.12,11,1114,0,0,7820,26,288,,,1941,0,92551.6
2026-03-18T07:31:43.735,1077.19,CL,27.5,77,3.12,1.56,1579.5,53,31.0,11,5.75,17.6,47.1,86.3,255,4498,98,582.1,510.9,14.16,11,1116,0,0,7820,0,288,,,873,0,92551.7
2026-03-18T07:31:46.179,1079.63,OL-Drive,14.5,78,0.0,-0.78,1282.0,54,-16.5,11,3.59,16.5,0.0,83.9,255,4498,99,582.0,510.0,14.18,11,1119,0,0,7820,5,288,,,848,0,92551.7
2026-03-18T07:31:48.619,1082.07,OL-Drive,13.7,78,0.0,-0.78,1238.2,52,30.0,11,3.51,16.5,0.0,86.7,255,4498,98,581.3,508.8,14.18,11,1122,0,0,7820,0,288,,,1013,0,92551.7
2026-03-18T07:31:50.974,1084.43,OL-Drive,18.0,78,0.0,-0.78,1349.0,49,30.0,11,4.75,17.3,0.0,82.7,255,4498,99,576.3,506.7,14.16,11,1124,0,0,7820,0,288,,,1003,0,92551.8
2026-03-18T07:31:53.423,1086.88,OL-Drive,16.9,78,0.0,-0.78,1066.2,42,30.0,11,3.18,16.1,0.0,86.3,255,4498,98,551.5,504.8,14.16,11,1126,0,0,7820,4,288,,,849,0,92551.8
2026-03-18T07:31:55.858,1089.31,CL,13.7,78,-3.12,-0.78,1109.2,27,14.5,11,3.12,16.1,0.0,79.6,255,4498,98,538.5,503.1,14.11,11,1128,0,0,7820,12,288,,,1281,0,92551.8
2026-03-18T07:31:58.197,1091.65,CL,25.1,78,0.78,-0.78,705.2,11,0.5,11,3.6,16.5,16.1,83.9,255,4498,98,529.9,501.5,14.11,11,1131,0,0,7820,38,288,,,2800,0,92551.8
2026-03-18T07:32:00.604,1094.06,CL,46.7,78,1.56,-1.56,1664.8,12,26.5,11,14.84,24.3,82.0,85.9,255,4498,99,530.1,500.8,14.12,11,1133,0,0,7820,40,288,,,2598,0,92551.8
2026-03-18T07:32:02.972,1096.43,CL,47.1,77,0.78,-0.78,1694.5,20,27.0,11,15.5,23.1,80.8,74.5,255,4498,98,535.6,501.1,14.15,11,1135,0,0,7820,38,288,,,2942,0,92551.8
2026-03-18T07:32:05.367,1098.82,CL,52.2,78,3.12,-0.78,1478.0,28,25.0,11,14.54,24.7,100.0,79.2,255,4498,98,542.2,501.6,14.15,11,1138,0,0,7821,35,288,,,2442,0,92551.9
2026-03-18T07:32:07.782,1101.24,CL,43.1,78,0.0,0.78,1375.0,35,25.0,11,12.81,23.1,93.7,82.0,255,4498,99,547.8,502.1,14.13,11,1140,0,0,7821,38,288,,,2748,0,92551.9
2026-03-18T07:32:10.196,1103.65,CL,46.7,78,0.0,0.78,1455.2,41,26.5,11,11.87,22.0,85.1,86.3,255,4498,98,554.0,502.1,14.14,11,1143,0,0,7821,34,288,,,2230,0,92551.9
2026-03-18T07:32:12.572,1106.03,CL,32.9,79,0.0,1.56,1424.0,43,30.5,11,8.2,18.8,60.8,85.5,255,4498,98,556.6,501.9,14.12,11,1145,0,0,7821,21,288,,,1754,0,92551.9
2026-03-18T07:32:15.001,1108.46,CL,22.0,79,1.56,1.56,1341.2,45,30.5,11,4.14,16.5,39.2,85.1,255,4498,98,557.6,501.3,14.17,11,1148,0,0,7821,0,288,,,878,0,92552.0
2026-03-18T07:32:17.455,1110.91,OL-Drive,14.1,80,0.0,-0.78,1275.0,45,30.0,11,4.5,16.9,0.0,83.5,255,4498,98,557.2,499.8,14.15,11,1150,0,0,7821,3,288,,,1384,0,92552.0
2026-03-18T07:32:19.835,1113.29,OL,22.4,80,-3.91,1.56,1239.0,42,31.0,11,6.14,17.3,0.0,84.7,255,4498,98,556.3,498.6,14.13,11,1152,0,0,7821,15,288,,,2156,0,92552.0
2026-03-18T07:32:22.215,1115.67,CL,23.1,80,-1.56,0.0,1317.8,42,15.0,11,13.03,25.1,62.0,76.9,255,4499,99,556.2,497.7,14.13,11,1155,0,0,7821,48,288,,,3030,0,92552.1
2026-03-18T07:32:24.632,1118.09,CL,57.6,80,0.0,-0.78,1371.8,44,18.5,11,9.64,26.3,60.8,80.4,255,4499,99,559.2,497.7,14.13,11,1157,0,0,7821,17,288,,,1617,0,92552.1
2026-03-18T07:32:26.917,1120.37,CL,23.1,80,0.78,1.56,1352.2,46,29.0,11,10.57,20.4,80.4,80.8,255,4499,99,561.7,497.3,14.1,11,1159,0,0,7821,31,288,,,2560,0,92552.1
2026-03-18T07:32:29.368,1122.82,CL,39.2,80,1.56,0.78,1401.5,48,20.5,11,16.28,21.6,82.4,80.4,255,4499,98,563.5,497.1,14.13,11,1162,0,0,7821,47,288,,,2990,0,92552.1
2026-03-18T07:32:31.716,1125.17,CL,58.8,80,0.78,-1.56,1506.2,49,19.5,11,18.79,27.5,77.6,84.7,255,4499,98,567.3,497.5,14.14,11,1164,0,0,7821,46,288,,,2921,0,92552.2
2026-03-18T07:32:34.132,1127.59,CL,54.5,80,0.0,-1.56,1580.2,52,21.0,11,17.9,25.9,78.8,86.7,255,4499,98,575.1,498.7,14.14,11,1166,0,0,7821,45,288,,,2854,0,92552.2
2026-03-18T07:32:36.639,1130.09,CL,54.5,81,0.0,-1.56,1657.8,55,24.0,11,17.01,24.7,100.0,84.7,255,4499,98,580.5,499.6,14.12,11,1169,0,0,7821,42,288,,,2685,0,92552.2
2026-03-18T07:32:39.006,1132.46,CL,49.8,81,1.56,-0.78,1710.0,59,24.5,11,15.81,23.1,87.8,86.3,255,4499,98,585.3,500.5,14.13,11,1171,0,0,7821,39,288,,,2647,0,92552.3
2026-03-18T07:32:41.236,1134.69,CL,47.1,81,-0.78,-1.56,1742.8,59,24.5,11,17.48,24.3,100.0,86.7,255,4499,98,589.4,501.3,14.13,11,1173,0,0,7821,42,288,,,2526,0,92552.3
2026-03-18T07:32:43.629,1137.08,CL,51.4,82,0.0,-0.78,1762.5,59,25.0,11,14.85,22.0,78.0,85.9,255,4499,98,595.0,502.5,14.13,11,1176,0,0,7821,36,288,,,2456,0,92552.4
2026-03-18T07:32:46.044,1139.5,CL,43.9,82,1.56,0.0,1760.8,59,25.0,11,14.76,22.0,78.0,85.9,255,4499,98,597.9,503.1,14.13,11,1178,0,0,7821,38,288,,,2636,0,92552.4
2026-03-18T07:32:48.385,1141.84,CL,46.3,83,0.0,-0.78,1736.5,58,25.0,11,15.31,23.1,83.5,85.1,255,4499,98,600.5,503.7,14.13,11,1180,0,0,7821,30,288,,,2282,0,92552.4
2026-03-18T07:32:50.790,1144.24,CL,36.5,83,-1.56,1.56,1692.8,58,28.0,11,11.26,20.0,71.0,83.1,255,4499,98,602.1,504.0,14.12,11,1183,0,0,7821,29,288,,,2086,0,92552.5
2026-03-18T07:32:53.258,1146.71,CL,29.4,83,0.78,1.56,1664.0,57,29.0,11,7.96,18.4,59.6,85.9,255,4499,98,602.3,503.7,14.12,11,1185,0,0,7821,19,288,,,1725,0,92552.5
2026-03-18T07:32:55.554,1149.01,CL,26.7,84,1.56,0.78,1554.5,55,5.5,11,8.89,18.4,65.1,87.1,255,4499,98,601.3,503.2,14.15,11,1187,0,0,7821,24,288,,,2350,0,92552.5
2026-03-18T07:32:57.868,1151.32,CL,32.9,84,3.91,1.56,1360.0,56,28.5,11,6.29,18.0,65.5,82.0,255,4499,98,600.0,502.5,14.15,11,1190,0,0,7821,20,288,,,2011,0,92552.6
2026-03-18T07:33:00.249,1153.7,CL,29.0,84,1.56,0.78,1377.2,56,30.0,11,6.51,17.6,64.3,83.9,255,4499,98,597.8,501.4,14.14,11,1192,0,0,7821,15,288,,,1592,0,92552.6
2026-03-18T07:33:02.720,1156.17,CL,22.4,84,0.0,1.56,1383.5,59,-2.0,11,3.67,17.3,0.0,86.7,255,4499,98,595.9,500.3,14.18,11,1194,0,0,7821,0,288,,,948,0,92552.7
2026-03-18T07:33:05.081,1158.54,OL-Drive,14.9,84,0.0,1.56,1362.5,56,19.5,11,3.81,16.5,0.0,85.9,255,4499,98,593.9,499.2,14.16,11,1196,0,0,7822,0,288,,,858,0,92552.7
2026-03-18T07:33:07.439,1160.89,OL-Drive,13.7,84,0.0,-0.78,1285.8,54,30.0,11,4.4,16.5,0.0,85.5,255,4499,98,591.9,497.9,14.16,11,1199,0,0,7822,0,288,,,991,0,92552.7
2026-03-18T07:33:09.735,1163.19,OL-Drive,16.1,84,0.0,-0.78,1217.0,53,30.0,11,4.28,16.9,0.0,82.7,255,4499,98,569.4,495.4,14.17,11,1201,0,0,7822,0,288,,,1062,0,92552.8
2026-03-18T07:33:12.122,1165.58,OL-Drive,17.3,84,0.0,-0.78,1146.0,50,30.0,11,4.03,16.5,0.0,85.9,255,4499,98,547.5,493.3,14.17,11,1204,0,0,7822,0,288,,,998,0,92552.8
2026-03-18T07:33:14.355,1167.81,OL-Drive,16.1,83,0.0,-0.78,1107.8,44,30.0,11,3.2,16.1,0.0,85.9,255,4499,98,526.2,491.1,14.18,11,1206,0,0,7822,0,288,,,859,0,92552.8
2026-03-18T07:33:16.728,1170.18,OL-Drive,14.5,83,0.0,-0.78,1064.8,33,30.0,11,3.14,16.1,0.0,85.5,255,4499,98,507.3,488.8,14.14,11,1208,0,0,7822,1,288,,,855,0,92552.8
2026-03-18T07:33:19.057,1172.51,CL,13.3,83,-4.69,0.78,1257.8,31,21.0,11,4.43,17.3,0.0,83.1,255,4499,98,494.1,486.7,14.15,11,1210,0,0,7822,15,288,,,2634,0,92552.9
2026-03-18T07:33:21.428,1174.88,CL,78.8,82,4.69,-3.12,2215.5,30,9.5,11,28.03,40.4,10.2,78.0,255,4499,98,510.8,489.5,14.12,11,1213,0,0,7822,63,288,,,2898,0,92552.9
2026-03-18T07:33:23.821,1177.28,CL,63.5,82,-0.78,-1.56,2283.5,38,22.0,11,28.76,29.0,94.5,82.7,255,4499,98,547.8,496.4,14.14,11,1215,0,0,7822,33,288,,,2704,0,92552.9
2026-03-18T07:33:26.072,1179.53,CL,54.1,83,-1.56,-1.56,1683.5,46,20.5,11,23.14,28.2,48.6,83.9,255,4499,98,571.8,500.8,14.12,11,1218,0,0,7822,77,288,,,3045,0,92552.9
2026-03-18T07:33:28.501,1181.96,CL,89.4,83,2.34,-1.56,1943.8,52,-1.0,11,40.04,24.7,100.0,85.5,255,4499,98,599.1,507.0,13.98,10,1220,0,0,7822,55,288,,,3128,0,92553.0
2026-03-18T07:33:30.908,1184.36,CL,38.4,83,-2.34,-0.78,2054.5,58,-11.0,11,29.71,18.0,0.0,82.4,255,4499,98,638.4,517.5,14.13,10,1222,0,0,7822,63,288,,,1268,0,92553.0
2026-03-18T07:33:33.372,1186.83,CL,33.7,84,-4.69,-3.91,4646.0,61,-5.0,10,63.46,30.2,0.0,67.1,255,4500,98,716.2,537.1,14.13,11,1225,0,0,7822,81,288,,,2992,0,92553.1
2026-03-18T07:33:35.714,1189.17,CL,75.3,85,1.56,-1.56,3399.0,68,4.5,10,59.65,30.2,0.0,85.5,255,4500,98,765.9,557.8,14.12,10,1227,0,0,7822,20,288,,,810,0,92553.1
2026-03-18T07:33:38.111,1191.57,OL-Drive,20.0,86,0.0,-0.78,2557.8,74,30.0,10,7.68,18.4,0.0,86.7,255,4500,98,788.7,577.8,14.18,10,1229,0,0,7822,7,288,,,772,0,92553.1
2026-03-18T07:33:40.503,1193.96,CL,14.5,88,-5.47,1.56,2009.2,69,24.5,10,8.29,18.4,0.0,86.7,255,4500,98,791.1,582.3,14.16,11,1232,0,0,7822,8,288,,,881,0,92553.2
2026-03-18T07:33:42.944,1196.4,OL-Drive,14.5,88,0.0,-0.78,1525.0,65,30.0,11,4.53,16.9,0.0,82.0,255,4500,98,789.3,583.7,14.17,11,1234,0,0,7822,0,288,,,1030,0,92553.2
2026-03-18T07:33:45.341,1198.8,OL-Drive,18.8,88,0.0,-0.78,1386.5,60,30.0,11,4.96,17.3,0.0,86.3,255,4500,98,779.4,583.2,14.17,11,1236,0,0,7822,0,288,,,957,0,92553.3
2026-03-18T07:33:47.743,1201.2,OL-Drive,16.9,88,0.0,-0.78,1096.0,53,30.0,11,3.53,16.5,0.0,81.6,255,4500,98,740.8,582.2,14.17,11,1239,0,0,7822,0,288,,,886,0,92553.3
2026-03-18T07:33:50.175,1203.63,OL-Drive,15.3,88,0.0,-0.78,1090.5,37,10.0,11,3.32,16.1,0.0,80.4,255,4500,98,716.4,580.8,14.13,11,1241,0,0,7822,2,288,,,867,0,92553.3
2026-03-18T07:33:52.528,1205.98,CL,14.9,88,-1.56,-0.78,937.5,24,8.5,11,3.98,15.7,0.0,79.6,255,4500,98,699.8,579.2,14.12,11,1244,0,0,7822,13,288,,,1307,0,92553.3
2026-03-18T07:33:54.948,1208.4,CL,25.5,87,0.78,-0.78,680.2,8,-3.0,11,10.01,16.5,24.3,84.3,255,4500,98,684.0,576.6,14.1,11,1246,0,0,7822,30,288,,,2567,0,92553.3
2026-03-18T07:33:57.268,1210.72,CL,52.5,86,3.12,-1.56,1825.0,5,24.5,11,20.81,25.5,86.3,80.4,255,4500,98,677.5,574.6,14.13,11,1248,0,0,7822,37,288,,,3045,0,92553.3
2026-03-18T07:33:59.537,1212.99,CL,70.6,87,0.0,-1.56,2089.0,19,20.0,11,27.17,29.4,88.2,79.6,255,4500,98,675.3,574.5,14.14,11,1250,0,0,7822,46,288,,,3091,0,92553.4
2026-03-18T07:34:02.062,1215.52,CL,69.4,86,0.78,-2.34,1657.8,33,11.5,10,24.7,31.4,100.0,81.6,255,4500,98,674.8,574.9,14.14,11,1253,0,0,7822,54,288,,,3032,0,92553.4
2026-03-18T07:34:04.512,1217.97,CL,65.1,87,-1.56,-1.56,2053.0,40,21.5,10,25.04,28.6,100.0,82.0,255,4500,98,674.6,574.8,14.14,10,1255,0,0,7822,49,288,,,2592,0,92553.4
2026-03-18T07:34:07.013,1220.47,CL,50.2,87,1.56,-1.56,1875.0,49,21.5,11,23.32,25.5,100.0,83.9,255,4500,98,674.1,574.5,14.13,10,1258,0,0,7823,51,288,,,2975,0,92553.5
2026-03-18T07:34:09.361,1222.82,CL,56.5,88,-0.78,-1.56,2004.5,57,25.0,10,19.14,24.3,83.5,85.9,255,4500,98,672.8,573.6,14.16,10,1260,0,0,7823,46,288,,,2833,0,92553.5
2026-03-18T07:34:11.649,1225.1,CL,50.2,89,-0.78,-1.56,1796.0,59,25.0,10,15.56,24.7,80.8,86.7,255,4500,98,669.0,571.3,14.13,11,1262,0,0,7823,43,288,,,2765,0,92553.5
2026-03-18T07:34:14.082,1227.54,CL,51.0,90,0.78,-1.56,1890.5,64,24.5,10,18.82,24.7,93.3,85.1,255,4500,98,666.1,569.5,14.12,11,1265,0,0,7823,40,288,,,2634,0,92553.6
2026-03-18T07:34:16.525,1229.98,CL,49.0,90,-1.56,-1.56,1925.8,64,25.0,11,18.71,24.3,92.2,85.5,255,4500,98,663.2,567.7,14.12,11,1267,0,0,7823,37,288,,,2266,0,92553.6
2026-03-18T07:34:18.921,1232.38,CL,39.6,90,-0.78,0.0,1585.0,65,23.0,10,11.18,21.6,56.9,85.5,255,4500,98,658.9,565.0,14.16,10,1269,0,0,7823,10,288,,,1028,0,92553.7
2026-03-18T07:34:21.413,1234.87,CL,18.8,90,-4.69,-0.78,1450.8,62,-8.0,11,4.31,16.5,0.0,86.7,255,4500,98,655.5,563.0,14.17,11,1272,0,0,7823,0,288,,,1010,0,92553.7
2026-03-18T07:34:23.786,1237.24,OL-Drive,16.5,90,0.0,-0.78,1300.0,56,30.0,11,4.53,16.9,0.0,83.9,255,4500,98,647.9,560.9,14.14,11,1274,0,0,7823,10,288,,,987,0,92553.7
2026-03-18T07:34:26.177,1239.63,CL,18.0,90,-7.81,1.56,1201.5,50,7.5,11,3.45,16.1,0.0,86.7,255,4500,98,638.9,558.8,14.18,11,1277,0,0,7823,0,288,,,927,0,92553.8
2026-03-18T07:34:28.429,1241.88,OL-Drive,13.3,90,0.0,-0.78,1174.0,46,30.0,11,3.43,16.1,0.0,80.0,255,4500,98,629.6,555.7,14.18,11,1278,0,0,7823,4,288,,,906,0,92553.8
2026-03-18T07:34:30.745,1244.2,CL,14.1,89,-3.91,-0.78,1076.5,27,13.0,11,3.14,16.1,0.0,71.0,255,4500,98,625.3,553.8,14.12,11,1281,0,0,7823,13,288,,,1750,0,92553.8
2026-03-18T07:34:33.166,1246.62,CL,23.9,88,-5.47,-0.78,1092.0,19,31.5,11,6.32,18.0,0.0,78.8,255,4500,98,621.6,551.8,14.11,11,1283,0,0,7823,39,288,,,2370,0,92553.8
2026-03-18T07:34:35.642,1249.1,CL,47.1,88,0.78,0.78,1518.8,21,24.0,11,12.95,22.4,80.0,69.0,255,4500,98,619.1,549.3,14.12,11,1286,0,0,7823,38,288,,,2595,0,92553.8
2026-03-18T07:34:38.029,1251.48,CL,46.3,87,0.78,0.0,1643.8,26,24.5,11,14.09,22.0,81.6,85.9,255,4500,98,617.5,547.8,14.13,11,1288,0,0,7823,26,288,,,2200,0,92553.9
2026-03-18T07:34:40.434,1253.89,CL,35.3,87,3.12,1.56,1463.2,30,30.0,11,4.81,16.9,47.8,78.4,255,4500,98,616.2,546.3,14.16,11,1290,0,0,7823,15,288,,,1521,0,92553.9
2026-03-18T07:34:42.882,1256.34,CL,22.0,87,0.78,1.56,1470.2,32,29.5,11,5.92,17.3,52.5,77.3,255,4500,98,614.3,544.6,14.16,11,1293,0,0,7823,12,288,,,1168,0,92553.9
2026-03-18T07:34:45.233,1258.69,CL,20.4,87,0.78,-0.78,1449.0,32,3.0,11,3.73,16.5,17.6,79.6,255,4500,98,610.8,542.0,14.16,11,1295,0,0,7823,1,288,,,866,0,92553.9
2026-03-18T07:34:47.580,1261.03,CL,13.7,87,-7.03,-0.78,1464.8,29,29.0,11,5.57,17.3,0.0,86.7,255,4500,98,608.4,540.2,14.15,11,1298,0,0,7823,10,288,,,1121,0,92553.9
2026-03-18T07:34:50.063,1263.52,CL,18.4,87,-2.34,1.56,1313.2,27,29.0,11,5.7,16.9,43.9,85.9,255,4500,98,605.9,538.3,14.16,11,1300,0,0,7823,13,288,,,1505,0,92554.0
2026-03-18T07:34:52.478,1265.93,CL,21.6,86,1.56,1.56,1311.5,27,31.5,11,3.71,15.7,41.6,86.3,255,4500,98,603.3,535.5,14.18,11,1302,0,0,7823,1,288,,,897,0,92554.0
2026-03-18T07:34:54.788,1268.24,CL,13.7,86,-6.25,-0.78,1135.8,27,8.0,11,3.2,16.1,0.0,86.7,255,4500,98,599.6,533.7,14.14,11,1305,0,0,7823,5,288,,,937,0,92554.0
2026-03-18T07:34:57.143,1270.6,CL,16.5,87,-7.03,-0.78,874.0,19,4.0,11,3.29,16.1,0.0,69.4,255,4500,98,597.4,532.0,14.13,11,1307,0,0,7823,24,288,,,2658,0,92554.0
2026-03-18T07:34:59.641,1273.1,CL,31.0,87,-1.56,1.56,1327.2,16,27.5,11,5.2,19.6,52.2,80.4,255,4500,98,595.4,530.4,14.11,11,1310,0,0,7823,14,288,,,1348,0,92554.0
2026-03-18T07:35:02.043,1275.5,CL,22.0,86,1.56,-0.78,961.5,18,1.0,11,2.9,15.7,14.1,82.0,255,4500,98,592.3,527.9,14.12,11,1311,0,0,7823,11,288,,,1268,0,92554.0
2026-03-18T07:35:04.373,1277.83,CL,21.6,86,-2.34,-0.78,692.8,11,-2.5,11,3.26,16.1,14.9,84.3,255,4501,98,590.4,526.3,14.12,11,1314,0,0,7823,23,288,,,2466,0,92554.0
2026-03-18T07:35:06.690,1280.15,CL,25.9,86,-0.78,1.56,1335.8,4,22.5,11,11.43,22.4,93.3,83.1,255,4501,98,588.9,524.8,14.12,11,1316,0,0,7824,37,288,,,2448,0,92554.0
2026-03-18T07:35:09.037,1282.49,CL,40.0,86,1.56,1.56,1535.0,15,26.0,11,10.71,20.4,72.2,86.3,255,4501,98,588.7,523.8,14.12,11,1318,0,0,7824,23,288,,,2010,0,92554.1
2026-03-18T07:35:11.468,1284.92,CL,32.5,86,2.34,1.56,1609.2,21,29.0,11,6.0,18.0,51.8,83.9,255,4501,98,588.0,522.1,14.15,11,1321,0,0,7824,8,288,,,883,0,92554.1
2026-03-18T07:35:13.881,1287.34,CL,14.1,86,-4.69,1.56,1588.2,22,25.5,11,7.37,16.5,47.5,86.7,255,4501,98,586.6,520.8,14.14,11,1323,0,0,7824,5,288,,,826,0,92554.1
2026-03-18T07:35:16.140,1289.59,CL,13.3,86,-3.12,1.56,1560.8,21,22.0,11,3.6,16.5,37.3,83.9,255,4501,98,585.0,519.4,14.17,11,1326,0,0,7824,0,288,,,824,0,92554.1
2026-03-18T07:35:18.647,1292.1,CL,13.3,86,-7.03,1.56,1322.5,20,27.5,11,4.07,16.5,0.0,80.0,255,4501,98,583.2,517.1,14.14,11,1328,0,0,7824,18,288,,,1867,0,92554.1
2026-03-18T07:35:20.928,1294.38,CL,29.4,86,-1.56,0.78,1448.2,18,31.5,11,4.29,17.3,47.5,83.5,255,4501,98,580.7,515.8,14.15,11,1330,0,0,7824,13,288,,,1289,0,92554.1
2026-03-18T07:35:23.264,1296.72,CL,21.2,86,0.0,1.56,1443.8,19,29.5,11,4.68,17.3,44.7,81.2,255,4501,98,578.9,514.3,14.16,11,1333,0,0,7824,12,288,,,1318,0,92554.1
2026-03-18T07:35:25.653,1299.11,CL,19.6,86,1.56,1.56,1428.8,19,30.5,11,3.12,15.7,38.8,81.2,255,4501,98,577.0,512.8,14.15,11,1335,0,0,7824,0,288,,,815,0,92554.1
2026-03-18T07:35:27.974,1301.43,CL,13.3,86,-3.12,-0.78,1167.0,18,6.5,11,3.21,16.1,0.0,77.3,255,4501,98,575.1,511.4,14.13,11,1337,0,0,7824,4,288,,,808,0,92554.2
2026-03-18T07:35:30.380,1303.83,CL,15.3,86,-2.34,-0.78,939.8,14,8.5,11,3.18,16.1,14.1,73.3,255,4501,98,572.5,509.1,14.12,11,1340,0,0,7824,8,288,,,1011,0,92554.2
2026-03-18T07:35:32.736,1306.19,CL,19.2,86,1.56,-0.78,853.0,10,0.0,11,3.23,16.1,15.3,82.7,255,4501,98,570.8,507.6,14.11,11,1342,0,0,7824,18,288,,,1945,0,92554.2
2026-03-18T07:35:35.100,1308.55,CL,27.5,86,-0.78,-0.78,1104.5,11,2.5,11,3.21,15.7,20.0,85.1,255,4501,98,569.2,506.2,14.13,11,1344,0,0,7824,4,288,,,815,0,92554.2
2026-03-18T07:35:37.381,1310.84,CL,15.7,85,-4.69,-0.78,964.8,14,6.0,11,3.21,16.1,14.5,83.1,255,4501,98,567.5,504.8,14.09,11,1346,0,0,7824,8,288,,,1011,0,92554.2
2026-03-18T07:35:39.782,1313.24,CL,20.0,85,-0.78,-0.78,871.8,11,-1.5,11,3.12,16.1,14.9,74.5,255,4501,98,565.0,502.7,14.11,11,1349,0,0,7824,7,288,,,985,0,92554.2
2026-03-18T07:35:42.209,1315.66,CL,19.2,86,1.56,-0.78,798.2,10,4.5,11,3.93,16.1,14.9,76.9,255,4501,98,563.5,501.3,14.1,11,1351,0,0,7824,13,288,,,1329,0,92554.2
2026-03-18T07:35:44.471,1317.93,CL,25.9,85,4.69,-0.78,731.2,7,7.5,11,8.25,21.2,42.4,83.1,255,4501,98,561.9,499.9,14.11,11,1354,0,0,7824,13,288,,,1366,0,92554.2
2026-03-18T07:35:46.684,1320.14,CL,25.1,85,-6.25,-0.78,796.0,9,-6.5,11,3.28,16.1,16.5,85.1,255,4501,98,560.2,498.5,14.1,11,1356,0,0,7824,13,288,,,1333,0,92554.2
2026-03-18T07:35:49.051,1322.51,CL,25.9,85,-2.34,-0.78,703.8,4,-8.5,11,3.37,16.9,17.6,81.6,255,4501,98,558.6,496.4,14.11,11,1358,0,0,7824,13,288,,,1338,0,92554.2
2026-03-18T07:35:51.419,1324.87,CL,26.7,85,-1.56,-0.78,687.5,3,-4.0,11,3.4,16.1,16.5,81.2,255,4501,98,556.1,495.0,14.11,11,1360,0,0,7824,9,288,,,1195,0,92554.2
2026-03-18T07:35:53.848,1327.3,CL,23.1,85,0.0,-0.78,695.2,0,-7.5,11,3.43,16.1,16.9,83.1,255,4501,98,554.5,493.5,14.12,11,1362,0,0,7824,13,288,,,1331,0,92554.2
2026-03-18T07:35:56.147,1329.6,CL,26.3,85,0.0,-0.78,664.8,0,-4.0,11,3.37,16.1,16.5,84.3,255,4501,98,553.0,492.1,14.12,11,1365,0,0,7824,12,288,,,1321,0,92554.2
2026-03-18T07:35:58.476,1331.93,CL,25.9,85,0.78,-0.78,651.5,5,-3.0,11,3.59,16.9,17.3,86.3,255,4501,98,551.4,490.1,14.13,11,1367,0,0,7824,15,288,,,1359,0,92554.2
2026-03-18T07:36:00.856,1334.31,CL,25.5,85,2.34,-0.78,734.2,3,-3.0,11,4.25,16.1,20.4,86.7,255,4501,98,549.1,488.7,14.08,11,1370,0,0,7824,12,288,,,1342,0,92554.2
2026-03-18T07:36:03.250,1336.7,CL,26.7,85,3.12,-0.78,706.2,0,-5.5,11,3.45,16.5,16.9,86.3,255,4501,98,547.5,487.3,14.1,11,1372,0,0,7824,12,288,,,1345,0,92554.2
2026-03-18T07:36:05.713,1339.17,CL,27.5,85,3.12,-0.78,692.0,0,-3.5,11,3.45,16.1,16.9,82.4,255,4501,98,546.0,486.0,14.12,11,1374,0,0,7824,12,288,,,1286,0,92554.2
2026-03-18T07:36:08.129,1341.58,CL,25.5,85,2.34,-0.78,686.5,0,-3.0,11,3.34,16.1,16.5,85.5,255,4501,98,543.8,484.0,14.12,11,1377,0,0,7825,6,288,,,1264,0,92554.2
2026-03-18T07:36:10.422,1343.88,CL,24.7,85,3.12,-0.78,713.2,0,-13.0,12,3.32,16.1,17.3,85.9,255,4501,98,542.3,482.7,14.12,12,1379,0,0,7825,5,288,,,1065,0,92554.2
2026-03-18T07:36:12.748,1346.2,CL,20.8,84,0.0,-0.78,732.0,0,-6.0,11,2.32,15.3,12.5,84.7,255,4501,98,540.9,481.4,14.11,12,1381,0,0,7825,6,288,,,961,0,92554.2
2026-03-18T07:36:15.200,1348.65,CL,18.0,84,0.0,-0.78,740.5,0,1.0,12,2.43,15.3,12.2,85.1,255,4501,98,539.6,480.2,14.13,11,1384,0,0,7825,6,288,,,965,0,92554.2
2026-03-18T07:36:17.582,1351.04,CL,17.3,84,0.0,-0.78,725.8,0,2.0,12,2.43,15.3,11.8,85.1,255,4501,98,537.9,478.5,14.14,11,1386,0,0,7825,6,288,,,940,0,92554.2
2026-03-18T07:36:19.931,1353.39,CL,17.6,84,0.0,-0.78,710.8,0,0.5,11,2.48,15.3,12.2,85.5,255,4501,98,536.8,477.4,14.11,12,1389,0,0,7825,6,288,,,954,0,92554.2
2026-03-18T07:36:22.268,1355.72,CL,18.4,84,-0.78,-0.78,701.5,0,-1.0,12,2.45,15.3,12.2,85.1,255,4501,98,535.7,476.3,14.13,11,1390,0,0,7825,6,288,,,958,0,92554.2
2026-03-18T07:36:24.607,1358.06,CL,18.4,84,-1.56,-0.78,696.8,0,0.5,12,2.42,15.3,11.8,85.1,255,4501,98,534.7,475.3,14.14,11,1393,0,0,7825,6,288,,,973,0,92554.2
2026-03-18T07:36:26.961,1360.42,CL,18.4,84,-0.78,-0.78,697.5,0,0.0,12,2.51,15.3,12.2,85.1,255,4501,98,533.2,473.7,14.13,12,1395,0,0,7825,6,288,,,971,0,92554.2
2026-03-18T07:36:29.312,1362.77,CL,18.4,84,,,,,,,,,,,,,,,,,,,,,,,,,,,,
